PLANet_hold_out_2019_cpnd_name	PLANet_hold_out_2019_cpnd_affi	PLANet_hold_out_2019_cpnd_smiles	PLANet_v18_cpnd_name	PLANet_v18_cpnd_affi	PLANet_v18_cpnd_smiles	similarity
CHEMBL1163125_6boy_CHEMBL4577491	5.605548319173784	Cc1sc2c(c1C)C(c1ccc(Cl)cc1)=N[C@@H](CC(=O)NCCOCCOCCN)c1nnc(C)n1-2	CHEMBL1293289_2yek_CHEMBL4577491	7.795880017344076	Cc1sc2c(c1C)C(c1ccc(Cl)cc1)=N[C@@H](CC(=O)NCCOCCOCCN)c1nnc(C)n1-2	1.0
CHEMBL1163125_6cis_CHEMBL3959351	4.966576244513051	Cc1ccc2c(c1)C(=O)N(C)c1cnc(Nc3cccc(S(=O)(=O)N4CCC(O)CC4)c3)nc1N2C	CHEMBL4722_5one_CHEMBL3959351	6.823908740944319	Cc1ccc2c(c1)C(=O)N(C)c1cnc(Nc3cccc(S(=O)(=O)N4CCC(O)CC4)c3)nc1N2C	1.0
CHEMBL1163125_6cis_CHEMBL4207437	7.552841968657781	C[C@@H]1C(=O)N(C)c2cnc(Nc3ccc(C(=O)NC4CCN(C)CC4)cc3OC3CCCC3)nc2N1C1CCCC1	CHEMBL1163125_5kj0_CHEMBL4206381	7.229147988357855	C[C@H]1C(=O)N(C)c2cnc(Nc3ccc(C(=O)NC4CCN(C)CC4)cc3OC3CCCC3)nc2N1C1CCCC1	1.0
CHEMBL1163125_6cis_CHEMBL4207437	7.552841968657781	C[C@@H]1C(=O)N(C)c2cnc(Nc3ccc(C(=O)NC4CCN(C)CC4)cc3OC3CCCC3)nc2N1C1CCCC1	CHEMBL3024_4j52_CHEMBL4206381	6.896196279044043	C[C@H]1C(=O)N(C)c2cnc(Nc3ccc(C(=O)NC4CCN(C)CC4)cc3OC3CCCC3)nc2N1C1CCCC1	1.0
CHEMBL1163125_6cis_CHEMBL4207437	7.552841968657781	C[C@@H]1C(=O)N(C)c2cnc(Nc3ccc(C(=O)NC4CCN(C)CC4)cc3OC3CCCC3)nc2N1C1CCCC1	CHEMBL3024_4j52_CHEMBL4207437	7.3979400086720375	C[C@@H]1C(=O)N(C)c2cnc(Nc3ccc(C(=O)NC4CCN(C)CC4)cc3OC3CCCC3)nc2N1C1CCCC1	1.0
CHEMBL1163125_6cis_CHEMBL4209192	6.224753740259764	CCC[C@@H]1C(=O)N(C)c2cnc(Nc3ccc(C(=O)NC4CCN(C)CC4)cc3OC3CCCC3)nc2N1C1CCCC1	CHEMBL3024_4j52_CHEMBL4209192	7.327902142064282	CCC[C@@H]1C(=O)N(C)c2cnc(Nc3ccc(C(=O)NC4CCN(C)CC4)cc3OC3CCCC3)nc2N1C1CCCC1	1.0
CHEMBL1163125_6cis_CHEMBL4464826	7.091514981121351	CCOc1cc(C(=O)NC2CCN(C)CC2)ccc1Nc1ncc2c(n1)N(C1CCCC1)[C@H](CC)C(=O)N2C	CHEMBL3024_4j52_CHEMBL4464826	7.920818753952375	CCOc1cc(C(=O)NC2CCN(C)CC2)ccc1Nc1ncc2c(n1)N(C1CCCC1)[C@H](CC)C(=O)N2C	1.0
CHEMBL1163125_6ciy_CHEMBL3969370	4.431798275933005	C=CC(=O)Nc1ccc(C(=O)Nc2ccc(Nc3ncc4c(n3)N(C)c3ccc(C)cc3C(=O)N4C)cc2)cc1	CHEMBL4722_5one_CHEMBL3969370	7.356547323513813	C=CC(=O)Nc1ccc(C(=O)Nc2ccc(Nc3ncc4c(n3)N(C)c3ccc(C)cc3C(=O)N4C)cc2)cc1	1.0
CHEMBL1163125_6ciy_CHEMBL3979343	5.221848749616356	C=CC(=O)N1CCN(S(=O)(=O)c2cccc(Nc3ncc4c(n3)N(C)c3ccc(C)cc3C(=O)N4C)c2)CC1	CHEMBL4722_5one_CHEMBL3979343	7.229147988357855	C=CC(=O)N1CCN(S(=O)(=O)c2cccc(Nc3ncc4c(n3)N(C)c3ccc(C)cc3C(=O)N4C)c2)CC1	1.0
CHEMBL1163125_6ciy_CHEMBL4206831	4.4685210829577455	CCC(=O)Nc1ccc(C(=O)Nc2ccc(Nc3ncc4c(n3)N(C)c3ccc(C)cc3C(=O)N4C)cc2)cc1	CHEMBL4722_5one_CHEMBL4206831	7.2839966563652006	CCC(=O)Nc1ccc(C(=O)Nc2ccc(Nc3ncc4c(n3)N(C)c3ccc(C)cc3C(=O)N4C)cc2)cc1	1.0
CHEMBL1163125_6cj1_CHEMBL1673046	5.795880017344076	CCOc1cc(N2CCC(O)CC2)ccc1Nc1ncc2c(n1)N(C)c1ccccc1C(=O)N2C	CHEMBL5332_5byy_CHEMBL1673046	7.096910013008057	CCOc1cc(N2CCC(O)CC2)ccc1Nc1ncc2c(n1)N(C)c1ccccc1C(=O)N2C	1.0
CHEMBL1163125_6cj1_CHEMBL3942643	4.72584215073632	CCC(=O)N1CCN(S(=O)(=O)c2cccc(Nc3ncc4c(n3)N(C)c3ccc(C)cc3C(=O)N4C)c2)CC1	CHEMBL4722_5one_CHEMBL3942643	6.9586073148417755	CCC(=O)N1CCN(S(=O)(=O)c2cccc(Nc3ncc4c(n3)N(C)c3ccc(C)cc3C(=O)N4C)c2)CC1	1.0
CHEMBL1163125_6cj1_CHEMBL4541479	5.443697499232711	CCOc1cc(C(=O)N2CCC(N3CCN(C)CC3)CC2)ccc1Nc1ncc2c(n1)N(S(C)(=O)=O)c1ccccc1C(=O)N2C	CHEMBL5332_5byy_CHEMBL4541479	7.698970004336019	CCOc1cc(C(=O)N2CCC(N3CCN(C)CC3)CC2)ccc1Nc1ncc2c(n1)N(S(C)(=O)=O)c1ccccc1C(=O)N2C	1.0
CHEMBL1795116_6ckc_CHEMBL2349526	5.939302159646387	Nc1ncnc2c1c(Br)cn2[C@@H]1O[C@H](CSCC[C@H](N)C(=O)O)[C@@H](O)[C@H]1O	CHEMBL1795117_3sr4_CHEMBL2349526	7.420216403383191	Nc1ncnc2c1c(Br)cn2[C@@H]1O[C@H](CSCC[C@H](N)C(=O)O)[C@@H](O)[C@H]1O	1.0
CHEMBL1795116_6ckc_CHEMBL4588797	5.619788758288393	N#Cc1cn([C@@H]2O[C@H](CSCC[C@H](N)C(=O)O)[C@@H](O)[C@H]2O)c2ncnc(N)c12	CHEMBL1795117_3sr4_CHEMBL4588797	7.735541649861172	N#Cc1cn([C@@H]2O[C@H](CSCC[C@H](N)C(=O)O)[C@@H](O)[C@H]2O)c2ncnc(N)c12	1.0
CHEMBL1833_6dry_CHEMBL137781	7.356547323513813	C[C@H]1C[C@@H](C)N1C(=O)[C@@H]1C=C2c3cccc4[nH]cc(c34)CC2N(C)C1	CHEMBL1833_5tvn_CHEMBL343755	7.568636235841013	C[C@H]1C[C@H](C)N1C(=O)[C@@H]1C=C2c3cccc4[nH]cc(c34)CC2N(C)C1	1.0
CHEMBL1833_6dry_CHEMBL138989	6.508638306165728	C[C@@H]1C[C@@H](C)N1C(=O)[C@@H]1C=C2c3cccc4[nH]cc(c34)CC2N(C)C1	CHEMBL1833_5tvn_CHEMBL343755	7.568636235841013	C[C@H]1C[C@H](C)N1C(=O)[C@@H]1C=C2c3cccc4[nH]cc(c34)CC2N(C)C1	1.0
CHEMBL2010627_6h1h_CHEMBL1230020	6.173925197299173	CCCS(=O)(=O)Nc1ccc(F)c(C(=O)c2c[nH]c3ncc(Cl)cc23)c1F	CHEMBL3886_5hes_CHEMBL1230020	7.3872161432802645	CCCS(=O)(=O)Nc1ccc(F)c(C(=O)c2c[nH]c3ncc(Cl)cc23)c1F	1.0
CHEMBL2010627_6h1h_CHEMBL1230020	6.173925197299173	CCCS(=O)(=O)Nc1ccc(F)c(C(=O)c2c[nH]c3ncc(Cl)cc23)c1F	CHEMBL5145_5jrq_CHEMBL1230020	6.740743030061057	CCCS(=O)(=O)Nc1ccc(F)c(C(=O)c2c[nH]c3ncc(Cl)cc23)c1F	1.0
CHEMBL203_5x28_CHEMBL1950289	6.420216403383191	O[C@H]1CC[C@H](Nc2ncc3nc(Nc4c(F)cc(F)cc4F)n([C@H]4CCOC4)c3n2)CC1	CHEMBL2637_3ttj_CHEMBL1950289	9.0	O[C@H]1CC[C@H](Nc2ncc3nc(Nc4c(F)cc(F)cc4F)n([C@H]4CCOC4)c3n2)CC1	1.0
CHEMBL203_5x28_CHEMBL1950289	6.420216403383191	O[C@H]1CC[C@H](Nc2ncc3nc(Nc4c(F)cc(F)cc4F)n([C@H]4CCOC4)c3n2)CC1	CHEMBL2637_3ttj_CHEMBL1950303	7.494850021680094	O[C@H]1CC[C@H](Nc2ncc3nc(Nc4c(F)cc(F)cc4F)n([C@@H]4CCOC4)c3n2)CC1	1.0
CHEMBL205_5llc_CHEMBL4085190	7.956820084662626	NS(=O)(=O)c1c(F)c(F)c(S(=O)(=O)CCO)c(NCc2ccccc2)c1F	CHEMBL3912_4qjp_CHEMBL4085190	8.460409376976187	NS(=O)(=O)c1c(F)c(F)c(S(=O)(=O)CCO)c(NCc2ccccc2)c1F	1.0
CHEMBL205_5llg_CHEMBL106848	6.6837713539076375	NS(=O)(=O)c1ccc(SCCO)cc1	CHEMBL261_4wup_CHEMBL106848	6.4006714565227885	NS(=O)(=O)c1ccc(SCCO)cc1	1.0
CHEMBL205_5llg_CHEMBL106848	6.6837713539076375	NS(=O)(=O)c1ccc(SCCO)cc1	CHEMBL3242_4ww8_CHEMBL106848	5.712984366136142	NS(=O)(=O)c1ccc(SCCO)cc1	1.0
CHEMBL205_6bc9_CHEMBL1204135	9.154901959985743	CC(C)CN[C@H]1CCS(=O)(=O)c2sc(S(N)(=O)=O)cc21	CHEMBL205_4m2w_CHEMBL2092887	7.1487416512809245	CC(C)CN[C@@H]1CCS(=O)(=O)c2sc(S(N)(=O)=O)cc21	1.0
CHEMBL205_6bc9_CHEMBL1204135	9.154901959985743	CC(C)CN[C@H]1CCS(=O)(=O)c2sc(S(N)(=O)=O)cc21	CHEMBL205_4m2w_CHEMBL9849	7.1487416512809245	CC(C)CN[C@@H]1CCS(=O)(=O)c2sc(S(N)(=O)=O)cc21	1.0
CHEMBL205_6bc9_CHEMBL218490	10.366531544420411	CCN[C@H]1C[C@H](C)S(=O)(=O)c2sc(S(N)(=O)=O)cc21	CHEMBL3729_3fw3_CHEMBL218490	5.070581074285707	CCN[C@H]1C[C@H](C)S(=O)(=O)c2sc(S(N)(=O)=O)cc21	1.0
CHEMBL205_6bc9_CHEMBL276679	7.815308569182402	CCN[C@@H]1C[C@H](C)S(=O)(=O)c2sc(S(N)(=O)=O)cc21	CHEMBL3729_3fw3_CHEMBL218490	5.070581074285707	CCN[C@H]1C[C@H](C)S(=O)(=O)c2sc(S(N)(=O)=O)cc21	1.0
CHEMBL205_6bc9_CHEMBL417975	9.214670164989233	CC(C)CN[C@H]1CCS(=O)(=O)c2sc(S(N)(=O)=O)cc21	CHEMBL205_4m2w_CHEMBL2092887	7.1487416512809245	CC(C)CN[C@@H]1CCS(=O)(=O)c2sc(S(N)(=O)=O)cc21	1.0
CHEMBL205_6bc9_CHEMBL417975	9.214670164989233	CC(C)CN[C@H]1CCS(=O)(=O)c2sc(S(N)(=O)=O)cc21	CHEMBL205_4m2w_CHEMBL9849	7.1487416512809245	CC(C)CN[C@@H]1CCS(=O)(=O)c2sc(S(N)(=O)=O)cc21	1.0
CHEMBL205_6bc9_CHEMBL568854	7.853871964321763	CCN(C(=O)CCCCCO[N+](=O)[O-])[C@H]1C[C@H](C)S(=O)(=O)c2sc(S(N)(=O)=O)cc21	CHEMBL3729_3fw3_CHEMBL568854	5.360513510731414	CCN(C(=O)CCCCCO[N+](=O)[O-])[C@H]1C[C@H](C)S(=O)(=O)c2sc(S(N)(=O)=O)cc21	1.0
CHEMBL205_6bc9_CHEMBL570894	7.1487416512809245	CCN(C(=O)c1ccc(CO[N+](=O)[O-])cc1)[C@H]1C[C@H](C)S(=O)(=O)c2sc(S(N)(=O)=O)cc21	CHEMBL3729_3fw3_CHEMBL570894	7.337242168318426	CCN(C(=O)c1ccc(CO[N+](=O)[O-])cc1)[C@H]1C[C@H](C)S(=O)(=O)c2sc(S(N)(=O)=O)cc21	1.0
CHEMBL205_6got_CHEMBL2333400	7.886056647693162	CCCSc1ccc(S(N)(=O)=O)cc1	CHEMBL261_4wup_CHEMBL2333400	8.346787486224656	CCCSc1ccc(S(N)(=O)=O)cc1	1.0
CHEMBL205_6got_CHEMBL2333400	7.886056647693162	CCCSc1ccc(S(N)(=O)=O)cc1	CHEMBL3242_4ww8_CHEMBL2333400	6.3979400086720375	CCCSc1ccc(S(N)(=O)=O)cc1	1.0
CHEMBL205_6got_CHEMBL2333401	7.6020599913279625	NS(=O)(=O)c1ccc(SCCc2ccccc2)cc1	CHEMBL261_4wup_CHEMBL2333401	8.301029995663981	NS(=O)(=O)c1ccc(SCCc2ccccc2)cc1	1.0
CHEMBL205_6got_CHEMBL2333401	7.6020599913279625	NS(=O)(=O)c1ccc(SCCc2ccccc2)cc1	CHEMBL3242_4ww8_CHEMBL2333401	6.481486060122112	NS(=O)(=O)c1ccc(SCCc2ccccc2)cc1	1.0
CHEMBL205_6got_CHEMBL4462614	7.5301779840218375	C#CCSc1ccc(S(N)(=O)=O)cc1	CHEMBL261_4wup_CHEMBL4462614	7.519993057042849	C#CCSc1ccc(S(N)(=O)=O)cc1	1.0
CHEMBL205_6got_CHEMBL4462614	7.5301779840218375	C#CCSc1ccc(S(N)(=O)=O)cc1	CHEMBL3242_4ww8_CHEMBL4462614	9.065501548756432	C#CCSc1ccc(S(N)(=O)=O)cc1	1.0
CHEMBL205_6h34_CHEMBL153432	6.638272163982407	NS(=O)(=O)c1ccc(C(=O)NCC(=O)NCC(=O)NCC(=O)O)cc1	CHEMBL205_3rz8_CHEMBL152569	6.426316446103106	NS(=O)(=O)c1ccc(C(=O)NCC(=O)NCC(=O)NCC(=O)NCC(=O)O)cc1	1.0
CHEMBL205_6h34_CHEMBL153432	6.638272163982407	NS(=O)(=O)c1ccc(C(=O)NCC(=O)NCC(=O)NCC(=O)O)cc1	CHEMBL205_3rz8_CHEMBL431742	6.5376020021010435	NS(=O)(=O)c1ccc(C(=O)NCC(=O)NCC(=O)O)cc1	1.0
CHEMBL2146302_5wj6_CHEMBL3771098	7.154901959985742	O=C(Cc1ccccc1)Nc1nnc(N[C@H]2CCN(c3nnc(NC(=O)Cc4ccccc4)s3)C2)s1	CHEMBL2146302_5fi6_CHEMBL3770355	7.68837535480105	O=C(Cc1ccccc1)Nc1nnc(N[C@@H]2CCN(c3nnc(NC(=O)Cc4ccccc4)s3)C2)s1	1.0
CHEMBL2150837_6hdn_CHEMBL3586713	5.000000135195915	Cc1cc2ccnc(NC3CCN(C)CC3)c2[nH]c1=O	CHEMBL1163125_5a85_CHEMBL3586713	5.4999996786570655	Cc1cc2ccnc(NC3CCN(C)CC3)c2[nH]c1=O	1.0
CHEMBL2150837_6hdn_CHEMBL3586714	5.3000002024454185	Cc1cc2ccnc(NC3CCN(C4CC4)CC3)c2[nH]c1=O	CHEMBL1163125_5a85_CHEMBL3586714	5.3000002024454185	Cc1cc2ccnc(NC3CCN(C4CC4)CC3)c2[nH]c1=O	1.0
CHEMBL2150837_6hdn_CHEMBL3586718	4.550000013967537	Cc1cc2ccnc(N[C@H]3C[C@@H]4CC[C@H](C3)N4C)c2[nH]c1=O	CHEMBL1163125_5a85_CHEMBL3586717	5.449999932356824	Cc1cc2ccnc(N[C@@H]3C[C@@H]4CC[C@H](C3)N4C)c2[nH]c1=O	1.0
CHEMBL2150837_6hdn_CHEMBL3586718	4.550000013967537	Cc1cc2ccnc(N[C@H]3C[C@@H]4CC[C@H](C3)N4C)c2[nH]c1=O	CHEMBL1163125_5a85_CHEMBL3586718	5.449999932356824	Cc1cc2ccnc(N[C@H]3C[C@@H]4CC[C@H](C3)N4C)c2[nH]c1=O	1.0
CHEMBL2150837_6hdn_CHEMBL3586718	4.550000013967537	Cc1cc2ccnc(N[C@H]3C[C@@H]4CC[C@H](C3)N4C)c2[nH]c1=O	CHEMBL2150837_5a82_CHEMBL3586717	4.60000008559836	Cc1cc2ccnc(N[C@@H]3C[C@@H]4CC[C@H](C3)N4C)c2[nH]c1=O	1.0
CHEMBL2150837_6hdo_CHEMBL3590405	7.221848749616356	Cc1cncc(-c2ccc(N[C@@H]3CCNC[C@H]3OCC3CCS(=O)(=O)CC3)c3[nH]c(=O)c(C)cc23)c1	CHEMBL1163125_5lj2_CHEMBL3590405	5.899998417198647	Cc1cncc(-c2ccc(N[C@@H]3CCNC[C@H]3OCC3CCS(=O)(=O)CC3)c3[nH]c(=O)c(C)cc23)c1	1.0
CHEMBL2150837_6hdo_CHEMBL4244134	7.400007822415903	Cc1cncc(-c2ccc(N[C@@H]3CCNC[C@H]3OCC3CCC(F)(F)CC3)c3[nH]c(=O)c(C)cc23)c1	CHEMBL1163125_5lj2_CHEMBL4244134	5.200000237109354	Cc1cncc(-c2ccc(N[C@@H]3CCNC[C@H]3OCC3CCC(F)(F)CC3)c3[nH]c(=O)c(C)cc23)c1	1.0
CHEMBL2154_5wzv_CHEMBL148674	7.301029995663981	CCc1c(C(=O)C(N)=O)c2c(OCC(=O)O)cccc2n1Cc1ccccc1	CHEMBL3474_1db4_CHEMBL148674	7.903437700822768	CCc1c(C(=O)C(N)=O)c2c(OCC(=O)O)cccc2n1Cc1ccccc1	1.0
CHEMBL2154_5wzv_CHEMBL208429	6.903089986991943	Cc1cc(OCC(=O)O)c2c(C(=O)C(N)=O)c(C)n(Cc3ccccc3)c2c1	CHEMBL3474_1db4_CHEMBL208429	6.522878745280337	Cc1cc(OCC(=O)O)c2c(C(=O)C(N)=O)c(C)n(Cc3ccccc3)c2c1	1.0
CHEMBL2154_5wzv_CHEMBL346196	7.1249387366083	Cc1c(C(=O)C(N)=O)c2c(OCC(=O)O)cccc2n1Cc1ccccc1	CHEMBL3474_1db4_CHEMBL346196	7.721246399047171	Cc1c(C(=O)C(N)=O)c2c(OCC(=O)O)cccc2n1Cc1ccccc1	1.0
CHEMBL2154_5wzw_CHEMBL514841	7.698970004336019	CCc1c(C(=O)C(N)=O)c2c(OC)cc3ccccc3c2n1Cc1ccccc1	CHEMBL3474_1db4_CHEMBL514841	7.853871964321763	CCc1c(C(=O)C(N)=O)c2c(OC)cc3ccccc3c2n1Cc1ccccc1	1.0
CHEMBL2189117_5k0m_CHEMBL4066584	6.889410289700751	CN(C)[C@H]1CN([C@@H]2CCc3cccc(F)c32)C[C@@H]1c1cn(C)c2ccccc12	CHEMBL2189117_5h15_CHEMBL4080018	8.0	CN(C)[C@H]1CN([C@H]2CCc3cccc(F)c32)C[C@@H]1c1cn(C)c2ccccc12	1.0
CHEMBL2189117_5k0m_CHEMBL4071358	6.471547574331764	CC(=O)N1CCN(c2ccc([C@H]3CN([C@@H]4CCc5cccc(F)c54)C[C@@H]3N(C)C)cc2)CC1	CHEMBL2189117_5u8f_CHEMBL4060827	7.037860356969058	CC(=O)N1CCN(c2ccc([C@H]3CN(C4CCc5cccc(F)c54)C[C@@H]3N(C)C)cc2)CC1	1.0
CHEMBL2189117_5k0m_CHEMBL4071358	6.471547574331764	CC(=O)N1CCN(c2ccc([C@H]3CN([C@@H]4CCc5cccc(F)c54)C[C@@H]3N(C)C)cc2)CC1	CHEMBL2189117_5u8f_CHEMBL4077899	6.828788659588898	CC(=O)N1CCN(c2ccc([C@@H]3CN([C@@H]4CCc5cccc(F)c54)C[C@H]3N(C)C)cc2)CC1	1.0
CHEMBL2189117_5k0m_CHEMBL4071358	6.471547574331764	CC(=O)N1CCN(c2ccc([C@H]3CN([C@@H]4CCc5cccc(F)c54)C[C@@H]3N(C)C)cc2)CC1	CHEMBL2189117_5u8f_CHEMBL4084398	8.5	CC(=O)N1CCN(c2ccc([C@H]3CN([C@H]4CCc5cccc(F)c54)C[C@@H]3N(C)C)cc2)CC1	1.0
CHEMBL2189117_5k0m_CHEMBL4092154	6.097589660639418	CC(=O)N1CCN(c2ccc([C@@H]3CN([C@H]4CCc5cccc(F)c54)C[C@H]3N(C)C)cc2)CC1	CHEMBL2189117_5u8f_CHEMBL4060827	7.037860356969058	CC(=O)N1CCN(c2ccc([C@H]3CN(C4CCc5cccc(F)c54)C[C@@H]3N(C)C)cc2)CC1	1.0
CHEMBL2189117_5k0m_CHEMBL4092154	6.097589660639418	CC(=O)N1CCN(c2ccc([C@@H]3CN([C@H]4CCc5cccc(F)c54)C[C@H]3N(C)C)cc2)CC1	CHEMBL2189117_5u8f_CHEMBL4077899	6.828788659588898	CC(=O)N1CCN(c2ccc([C@@H]3CN([C@@H]4CCc5cccc(F)c54)C[C@H]3N(C)C)cc2)CC1	1.0
CHEMBL2189117_5k0m_CHEMBL4092154	6.097589660639418	CC(=O)N1CCN(c2ccc([C@@H]3CN([C@H]4CCc5cccc(F)c54)C[C@H]3N(C)C)cc2)CC1	CHEMBL2189117_5u8f_CHEMBL4084398	8.5	CC(=O)N1CCN(c2ccc([C@H]3CN([C@H]4CCc5cccc(F)c54)C[C@@H]3N(C)C)cc2)CC1	1.0
CHEMBL228_6awn_CHEMBL490	9.886056647693165	Fc1ccc([C@@H]2CCNC[C@H]2COc2ccc3c(c2)OCO3)cc1	CHEMBL3711550_5ukm_CHEMBL1708	5.886056647693162	Fc1ccc([C@@H]2CCNC[C@H]2COc2ccc3c(c2)OCO3)cc1	1.0
CHEMBL228_6awn_CHEMBL490	9.886056647693165	Fc1ccc([C@@H]2CCNC[C@H]2COc2ccc3c(c2)OCO3)cc1	CHEMBL3711550_5ukm_CHEMBL490	5.860120913598763	Fc1ccc([C@@H]2CCNC[C@H]2COc2ccc3c(c2)OCO3)cc1	1.0
CHEMBL228_6awn_CHEMBL490	9.886056647693165	Fc1ccc([C@@H]2CCNC[C@H]2COc2ccc3c(c2)OCO3)cc1	CHEMBL3879860_4l9i_CHEMBL1708	3.50003813440381	Fc1ccc([C@@H]2CCNC[C@H]2COc2ccc3c(c2)OCO3)cc1	1.0
CHEMBL228_6awn_CHEMBL490	9.886056647693165	Fc1ccc([C@@H]2CCNC[C@H]2COc2ccc3c(c2)OCO3)cc1	CHEMBL4079_5ukk_CHEMBL1708	5.151603457459128	Fc1ccc([C@@H]2CCNC[C@H]2COc2ccc3c(c2)OCO3)cc1	1.0
CHEMBL228_6awn_CHEMBL490	9.886056647693165	Fc1ccc([C@@H]2CCNC[C@H]2COc2ccc3c(c2)OCO3)cc1	CHEMBL4079_5ukk_CHEMBL490	5.860120913598763	Fc1ccc([C@@H]2CCNC[C@H]2COc2ccc3c(c2)OCO3)cc1	1.0
CHEMBL2292_6eip_CHEMBL3986079	5.69572494952287	CN1C(=O)[C@H]2CCC[C@H]2N(C2CCCC2)c2nc(Nc3ccc(C(N)=O)cc3)ncc21	CHEMBL3024_4j52_CHEMBL3986079	7.744727494896692	CN1C(=O)[C@H]2CCC[C@H]2N(C2CCCC2)c2nc(Nc3ccc(C(N)=O)cc3)ncc21	1.0
CHEMBL2292_6ej4_CHEMBL1987448	9.100015437450608	Nc1cc(-c2c[nH]c3ncccc23)cc(Cl)n1	CHEMBL262_4iq6_CHEMBL1987448	6.299997602857746	Nc1cc(-c2c[nH]c3ncccc23)cc(Cl)n1	1.0
CHEMBL2326_6h36_CHEMBL4462670	8.337242168318426	CC1CCCCN1C(=O)c1ccc(S(N)(=O)=O)cc1	CHEMBL205_3rz8_CHEMBL4462670	9.200659450546418	CC1CCCCN1C(=O)c1ccc(S(N)(=O)=O)cc1	1.0
CHEMBL2326_6h36_CHEMBL4593188	9.200659450546418	NS(=O)(=O)c1ccc(C(=O)N2CCC(Cc3ccccc3)CC2)cc1	CHEMBL205_3rz5_CHEMBL4593188	8.823908740944319	NS(=O)(=O)c1ccc(C(=O)N2CCC(Cc3ccccc3)CC2)cc1	1.0
CHEMBL2326_6h38_CHEMBL4441940	8.10790539730952	NS(=O)(=O)c1ccc(C(=O)N2CCN(C(c3ccccc3)c3ccccc3)CC2)cc1	CHEMBL205_3ryv_CHEMBL4441940	8.244125144327509	NS(=O)(=O)c1ccc(C(=O)N2CCN(C(c3ccccc3)c3ccccc3)CC2)cc1	1.0
CHEMBL2326_6h38_CHEMBL4450272	7.982966660701218	NS(=O)(=O)c1ccc(C(=O)N2CCN(Cc3ccccc3)CC2)cc1	CHEMBL205_3rz8_CHEMBL4450272	8.522878745280337	NS(=O)(=O)c1ccc(C(=O)N2CCN(Cc3ccccc3)CC2)cc1	1.0
CHEMBL2326_6h38_CHEMBL4453778	8.10790539730952	NS(=O)(=O)c1ccc(C(=O)N2CCN(Cc3ccc(F)cc3)CC2)cc1	CHEMBL205_3ryv_CHEMBL4453778	9.30102999566398	NS(=O)(=O)c1ccc(C(=O)N2CCN(Cc3ccc(F)cc3)CC2)cc1	1.0
CHEMBL2326_6h38_CHEMBL4533094	7.876148359032914	NS(=O)(=O)c1ccc(C(=O)N2CCCCCC2)cc1	CHEMBL205_3ryv_CHEMBL4553372	8.244125144327509	NS(=O)(=O)c1ccc(C(=O)N2CCCCC2)cc1	1.0
CHEMBL2326_6h38_CHEMBL4533094	7.876148359032914	NS(=O)(=O)c1ccc(C(=O)N2CCCCCC2)cc1	CHEMBL205_3rz5_CHEMBL4533094	8.42021640338319	NS(=O)(=O)c1ccc(C(=O)N2CCCCCC2)cc1	1.0
CHEMBL2326_6h38_CHEMBL4553372	8.080921907623924	NS(=O)(=O)c1ccc(C(=O)N2CCCCC2)cc1	CHEMBL205_3ryv_CHEMBL4553372	8.244125144327509	NS(=O)(=O)c1ccc(C(=O)N2CCCCC2)cc1	1.0
CHEMBL2326_6h38_CHEMBL4553372	8.080921907623924	NS(=O)(=O)c1ccc(C(=O)N2CCCCC2)cc1	CHEMBL205_3rz5_CHEMBL4533094	8.42021640338319	NS(=O)(=O)c1ccc(C(=O)N2CCCCCC2)cc1	1.0
CHEMBL2326_6h38_CHEMBL4590763	7.782516055786092	CC1CCCN(C(=O)c2ccc(S(N)(=O)=O)cc2)C1	CHEMBL205_3rz8_CHEMBL4590763	8.214670164989233	CC1CCCN(C(=O)c2ccc(S(N)(=O)=O)cc2)C1	1.0
CHEMBL2346486_6chh_CHEMBL1214186	4.90274269030658	Nc1ncnc2c1ncn2[C@@H]1O[C@H](C[C@@H](N)CC[C@H](N)C(=O)O)[C@@H](O)[C@H]1O	CHEMBL1795117_3sr4_CHEMBL1214186	4.472241247479028	Nc1ncnc2c1ncn2[C@@H]1O[C@H](C[C@@H](N)CC[C@H](N)C(=O)O)[C@@H](O)[C@H]1O	1.0
CHEMBL2346486_6chh_CHEMBL1214186	4.90274269030658	Nc1ncnc2c1ncn2[C@@H]1O[C@H](C[C@@H](N)CC[C@H](N)C(=O)O)[C@@H](O)[C@H]1O	CHEMBL5523_3cbp_CHEMBL1214186	5.6020599913279625	Nc1ncnc2c1ncn2[C@@H]1O[C@H](C[C@@H](N)CC[C@H](N)C(=O)O)[C@@H](O)[C@H]1O	1.0
CHEMBL2346486_6chh_CHEMBL418052	4.452225294612178	Nc1ncnc2c1ncn2[C@@H]1O[C@H](CSCC[C@H](N)C(=O)O)[C@@H](O)[C@H]1O	CHEMBL1795117_3qox_CHEMBL418052	6.633803120088516	Nc1ncnc2c1ncn2[C@@H]1O[C@H](CSCC[C@H](N)C(=O)O)[C@@H](O)[C@H]1O	1.0
CHEMBL2346486_6chh_CHEMBL418052	4.452225294612178	Nc1ncnc2c1ncn2[C@@H]1O[C@H](CSCC[C@H](N)C(=O)O)[C@@H](O)[C@H]1O	CHEMBL1795117_3qox_CHEMBL45041	6.769551078621726	Nc1ncnc2c1ncn2[C@@H]1O[C@H](CSCCC(N)C(=O)O)[C@@H](O)[C@H]1O	1.0
CHEMBL2346486_6chh_CHEMBL418052	4.452225294612178	Nc1ncnc2c1ncn2[C@@H]1O[C@H](CSCC[C@H](N)C(=O)O)[C@@H](O)[C@H]1O	CHEMBL2131_2a14_CHEMBL418052	5.698970004336019	Nc1ncnc2c1ncn2[C@@H]1O[C@H](CSCC[C@H](N)C(=O)O)[C@@H](O)[C@H]1O	1.0
CHEMBL2346486_6chh_CHEMBL418052	4.452225294612178	Nc1ncnc2c1ncn2[C@@H]1O[C@H](CSCC[C@H](N)C(=O)O)[C@@H](O)[C@H]1O	CHEMBL5523_3cbp_CHEMBL418052	4.42539044367231	Nc1ncnc2c1ncn2[C@@H]1O[C@H](CSCC[C@H](N)C(=O)O)[C@@H](O)[C@H]1O	1.0
CHEMBL2424504_6dq4_CHEMBL3188597	4.920818753952375	O=C(O)CCNc1cc(N2CCc3ccccc3CC2)nc(-c2ccccn2)n1	CHEMBL1938211_4ask_CHEMBL3188597	7.199970640755867	O=C(O)CCNc1cc(N2CCc3ccccc3CC2)nc(-c2ccccn2)n1	1.0
CHEMBL251_5wf5_CHEMBL2096798	8.637862065199606	CCn1nnc([C@H]2O[C@@H](n3cnc4c(N)nc(N[C@H](C)Cc5ccc(OC)cc5)nc43)[C@H](O)[C@@H]2O)n1	CHEMBL251_3qak_CHEMBL3740507	7.249491605148653	CCn1nnc([C@H]2O[C@@H](n3cnc4c(N)nc(N[C@@H](C)Cc5ccc(OC)cc5)nc43)[C@H](O)[C@@H]2O)n1	1.0
CHEMBL251_5wf5_CHEMBL2096798	8.637862065199606	CCn1nnc([C@H]2O[C@@H](n3cnc4c(N)nc(N[C@H](C)Cc5ccc(OC)cc5)nc43)[C@H](O)[C@@H]2O)n1	CHEMBL251_3qak_CHEMBL3741543	8.187086643357143	CCn1nnc([C@H]2O[C@@H](n3cnc4c(N)nc(NC(C)Cc5ccc(OC)cc5)nc43)[C@H](O)[C@@H]2O)n1	1.0
CHEMBL251_5wf5_CHEMBL2413113	5.210000001311122	CCNC(=O)[C@H]1O[C@@H](n2cnc3c(NCCCCCCNc4ccc([N+](=O)[O-])c5nonc45)ncnc32)[C@H](O)[C@@H]1O	CHEMBL251_3qak_CHEMBL2413114	5.290000325166601	CCNC(=O)[C@H]1O[C@@H](n2cnc3c(NCCCCCCCCNc4ccc([N+](=O)[O-])c5nonc45)ncnc32)[C@H](O)[C@@H]1O	1.0
CHEMBL251_5wf5_CHEMBL2413113	5.210000001311122	CCNC(=O)[C@H]1O[C@@H](n2cnc3c(NCCCCCCNc4ccc([N+](=O)[O-])c5nonc45)ncnc32)[C@H](O)[C@@H]1O	CHEMBL251_3qak_CHEMBL2413115	5.210000001311122	CCNC(=O)[C@H]1O[C@@H](n2cnc3c(NCCCCCCCCCCNc4ccc([N+](=O)[O-])c5nonc45)ncnc32)[C@H](O)[C@@H]1O	1.0
CHEMBL251_5wf5_CHEMBL2413113	5.210000001311122	CCNC(=O)[C@H]1O[C@@H](n2cnc3c(NCCCCCCNc4ccc([N+](=O)[O-])c5nonc45)ncnc32)[C@H](O)[C@@H]1O	CHEMBL251_3qak_CHEMBL611561	5.2927705806727054	CCNC(=O)[C@H]1OC(n2cnc3c(NCCCCCCCCNc4ccc([N+](=O)[O-])c5nonc45)ncnc32)[C@H](O)[C@@H]1O	1.0
CHEMBL251_5wf5_CHEMBL3740959	8.040958607678906	CCn1nnc([C@H]2O[C@@H](n3cnc4c(N)nc(NC(C)Cc5ccccc5)nc43)[C@H](O)[C@@H]2O)n1	CHEMBL251_3qak_CHEMBL3740085	7.87942606879415	CCn1nnc([C@H]2O[C@@H](n3cnc4c(N)nc(N[C@H](C)Cc5ccccc5)nc43)[C@H](O)[C@@H]2O)n1	1.0
CHEMBL251_5wf5_CHEMBL611273	5.215882183537078	CCNC(=O)[C@H]1OC(n2cnc3c(NCCCCCCNc4ccc([N+](=O)[O-])c5nonc45)ncnc32)[C@H](O)[C@@H]1O	CHEMBL251_3qak_CHEMBL2413114	5.290000325166601	CCNC(=O)[C@H]1O[C@@H](n2cnc3c(NCCCCCCCCNc4ccc([N+](=O)[O-])c5nonc45)ncnc32)[C@H](O)[C@@H]1O	1.0
CHEMBL251_5wf5_CHEMBL611273	5.215882183537078	CCNC(=O)[C@H]1OC(n2cnc3c(NCCCCCCNc4ccc([N+](=O)[O-])c5nonc45)ncnc32)[C@H](O)[C@@H]1O	CHEMBL251_3qak_CHEMBL2413115	5.210000001311122	CCNC(=O)[C@H]1O[C@@H](n2cnc3c(NCCCCCCCCCCNc4ccc([N+](=O)[O-])c5nonc45)ncnc32)[C@H](O)[C@@H]1O	1.0
CHEMBL251_5wf5_CHEMBL611273	5.215882183537078	CCNC(=O)[C@H]1OC(n2cnc3c(NCCCCCCNc4ccc([N+](=O)[O-])c5nonc45)ncnc32)[C@H](O)[C@@H]1O	CHEMBL251_3qak_CHEMBL611561	5.2927705806727054	CCNC(=O)[C@H]1OC(n2cnc3c(NCCCCCCCCNc4ccc([N+](=O)[O-])c5nonc45)ncnc32)[C@H](O)[C@@H]1O	1.0
CHEMBL251_5wf5_CHEMBL611562	5.214670164989234	CCNC(=O)[C@H]1OC(n2cnc3c(NCCCCCCCCCCNc4ccc([N+](=O)[O-])c5nonc45)ncnc32)[C@H](O)[C@@H]1O	CHEMBL251_3qak_CHEMBL2413114	5.290000325166601	CCNC(=O)[C@H]1O[C@@H](n2cnc3c(NCCCCCCCCNc4ccc([N+](=O)[O-])c5nonc45)ncnc32)[C@H](O)[C@@H]1O	1.0
CHEMBL251_5wf5_CHEMBL611562	5.214670164989234	CCNC(=O)[C@H]1OC(n2cnc3c(NCCCCCCCCCCNc4ccc([N+](=O)[O-])c5nonc45)ncnc32)[C@H](O)[C@@H]1O	CHEMBL251_3qak_CHEMBL2413115	5.210000001311122	CCNC(=O)[C@H]1O[C@@H](n2cnc3c(NCCCCCCCCCCNc4ccc([N+](=O)[O-])c5nonc45)ncnc32)[C@H](O)[C@@H]1O	1.0
CHEMBL251_5wf5_CHEMBL611562	5.214670164989234	CCNC(=O)[C@H]1OC(n2cnc3c(NCCCCCCCCCCNc4ccc([N+](=O)[O-])c5nonc45)ncnc32)[C@H](O)[C@@H]1O	CHEMBL251_3qak_CHEMBL611561	5.2927705806727054	CCNC(=O)[C@H]1OC(n2cnc3c(NCCCCCCCCNc4ccc([N+](=O)[O-])c5nonc45)ncnc32)[C@H](O)[C@@H]1O	1.0
CHEMBL251_5wf6_CHEMBL3740858	7.987162775294827	CCn1nnc([C@H]2O[C@@H](n3cnc4c(N)nc(N[C@H](C)Cc5ccc(Br)cc5)nc43)[C@H](O)[C@@H]2O)n1	CHEMBL251_3qak_CHEMBL3741931	8.161150909262744	CCn1nnc([C@H]2O[C@@H](n3cnc4c(N)nc(NC(C)Cc5ccc(Br)cc5)nc43)[C@H](O)[C@@H]2O)n1	1.0
CHEMBL251_5wf6_CHEMBL449575	5.872895201635193	O[C@@H]1[C@@H](CCl)O[C@@H](n2cnc3c(NC4CC5CCC4C5)ncnc32)[C@@H]1O	CHEMBL251_3qak_CHEMBL4541086	5.688246138944246	O[C@@H]1[C@@H](CCl)O[C@@H](n2cnc3c(N[C@H]4C[C@H]5CC[C@@H]4C5)ncnc32)[C@@H]1O	1.0
CHEMBL251_5wf6_CHEMBL449575	5.872895201635193	O[C@@H]1[C@@H](CCl)O[C@@H](n2cnc3c(NC4CC5CCC4C5)ncnc32)[C@@H]1O	CHEMBL251_3qak_CHEMBL4562258	5.872895201635193	O[C@@H]1[C@@H](CCl)O[C@@H](n2cnc3c(NC4C[C@H]5CC[C@@H]4C5)ncnc32)[C@@H]1O	1.0
CHEMBL2611_6eqv_CHEMBL1808927	5.858550226599532	C[C@@H](NC(=O)[C@H](CCCNC(=N)N)NC(=O)Cc1ccccc1)C(=O)N[C@@H](CCCNC(=N)N)C(=O)NCc1ccc(C(=N)N)cc1	CHEMBL2611_4omc_CHEMBL1808916	7.721246399047171	C[C@H](NC(=O)[C@H](CCCNC(=N)N)NC(=O)Cc1ccccc1)C(=O)N[C@@H](CCCNC(=N)N)C(=O)NCc1ccc(C(=N)N)cc1	1.0
CHEMBL261_6ex1_CHEMBL4450272	8.167491087293763	NS(=O)(=O)c1ccc(C(=O)N2CCN(Cc3ccccc3)CC2)cc1	CHEMBL205_3rz8_CHEMBL4450272	8.522878745280337	NS(=O)(=O)c1ccc(C(=O)N2CCN(Cc3ccccc3)CC2)cc1	1.0
CHEMBL261_6ex1_CHEMBL4453778	9.161150909262744	NS(=O)(=O)c1ccc(C(=O)N2CCN(Cc3ccc(F)cc3)CC2)cc1	CHEMBL205_3ryv_CHEMBL4453778	9.30102999566398	NS(=O)(=O)c1ccc(C(=O)N2CCN(Cc3ccc(F)cc3)CC2)cc1	1.0
CHEMBL261_6ex1_CHEMBL4593188	7.1220530483708115	NS(=O)(=O)c1ccc(C(=O)N2CCC(Cc3ccccc3)CC2)cc1	CHEMBL205_3rz5_CHEMBL4593188	8.823908740944319	NS(=O)(=O)c1ccc(C(=O)N2CCC(Cc3ccccc3)CC2)cc1	1.0
CHEMBL2835_6bbu_CHEMBL3655083	8.221848749616356	CN(c1ncnc2[nH]ccc12)[C@H]1C[C@@H](NS(=O)(=O)[C@H]2C[C@H](CC#N)C2)C1	CHEMBL2835_5khx_CHEMBL3655084	7.744727494896692	CN(c1ncnc2[nH]ccc12)[C@H]1C[C@@H](NS(=O)(=O)[C@H]2C[C@@H](CC#N)C2)C1	1.0
CHEMBL2835_6bbu_CHEMBL3655098	8.301029995663981	CN(c1ncnc2[nH]ccc12)[C@H]1C[C@@H](NS(=O)(=O)N2CC[C@@H](C#N)C2)C1	CHEMBL2835_5khx_CHEMBL3658855	6.617982957425133	CN(c1ncnc2[nH]ccc12)[C@H]1C[C@H](NS(=O)(=O)N2CCC(C#N)C2)C1	1.0
CHEMBL2835_6bbu_CHEMBL3655099	7.886056647693162	CN(c1ncnc2[nH]ccc12)[C@H]1C[C@@H](NS(=O)(=O)N2CC[C@H](C#N)C2)C1	CHEMBL2835_5khx_CHEMBL3658855	6.617982957425133	CN(c1ncnc2[nH]ccc12)[C@H]1C[C@H](NS(=O)(=O)N2CCC(C#N)C2)C1	1.0
CHEMBL2971_6bbv_CHEMBL1630770	4.259637310505756	CN(c1ncnc2[nH]ccc12)C1CCCCC1	CHEMBL2835_5khx_CHEMBL1630764	5.920818753952375	CN(c1ncnc2[nH]ccc12)C1CCCCCC1	1.0
CHEMBL2971_6bbv_CHEMBL1630770	4.259637310505756	CN(c1ncnc2[nH]ccc12)C1CCCCC1	CHEMBL2835_5khx_CHEMBL1630770	5.769551078621726	CN(c1ncnc2[nH]ccc12)C1CCCCC1	1.0
CHEMBL2971_6bbv_CHEMBL1630770	4.259637310505756	CN(c1ncnc2[nH]ccc12)C1CCCCC1	CHEMBL2835_5khx_CHEMBL1630771	5.649751981665838	CN(c1ncnc2[nH]ccc12)C1CCCCCCC1	1.0
CHEMBL2971_6bbv_CHEMBL3652284	7.010995384301463	CN(c1ncnc2[nH]ccc12)[C@H]1CC[C@H](CS(=O)(=O)N2CCC(N)CC2)CC1	CHEMBL2835_5khx_CHEMBL3652284	7.373659632624958	CN(c1ncnc2[nH]ccc12)[C@H]1CC[C@H](CS(=O)(=O)N2CCC(N)CC2)CC1	1.0
CHEMBL2971_6bbv_CHEMBL3652380	7.404503778174425	CN(c1ncnc2[nH]ccc12)[C@H]1CC[C@H](CS(=O)(=O)N2CCC2)CC1	CHEMBL2835_5khx_CHEMBL3652380	7.844663962534938	CN(c1ncnc2[nH]ccc12)[C@H]1CC[C@H](CS(=O)(=O)N2CCC2)CC1	1.0
CHEMBL2971_6bbv_CHEMBL3655083	6.216811308924742	CN(c1ncnc2[nH]ccc12)[C@H]1C[C@@H](NS(=O)(=O)[C@H]2C[C@H](CC#N)C2)C1	CHEMBL2835_5khx_CHEMBL3655084	7.744727494896692	CN(c1ncnc2[nH]ccc12)[C@H]1C[C@@H](NS(=O)(=O)[C@H]2C[C@@H](CC#N)C2)C1	1.0
CHEMBL2971_6bbv_CHEMBL3655084	5.853871964321763	CN(c1ncnc2[nH]ccc12)[C@H]1C[C@@H](NS(=O)(=O)[C@H]2C[C@@H](CC#N)C2)C1	CHEMBL2835_5khx_CHEMBL3655084	7.744727494896692	CN(c1ncnc2[nH]ccc12)[C@H]1C[C@@H](NS(=O)(=O)[C@H]2C[C@@H](CC#N)C2)C1	1.0
CHEMBL2971_6bbv_CHEMBL3655093	6.384049948343598	CN(c1ncnc2[nH]ccc12)[C@H]1C[C@@H](NS(=O)(=O)CC2CC(F)(F)C2)C1	CHEMBL2835_5khx_CHEMBL3655093	8.221848749616356	CN(c1ncnc2[nH]ccc12)[C@H]1C[C@@H](NS(=O)(=O)CC2CC(F)(F)C2)C1	1.0
CHEMBL2971_6bbv_CHEMBL3655094	6.752026733638194	CN(c1ncnc2[nH]ccc12)[C@H]1C[C@@H](NS(=O)(=O)C2CC(F)(F)C2)C1	CHEMBL2835_5khx_CHEMBL3655094	8.301029995663981	CN(c1ncnc2[nH]ccc12)[C@H]1C[C@@H](NS(=O)(=O)C2CC(F)(F)C2)C1	1.0
CHEMBL2971_6bbv_CHEMBL3655098	6.511449283499557	CN(c1ncnc2[nH]ccc12)[C@H]1C[C@@H](NS(=O)(=O)N2CC[C@@H](C#N)C2)C1	CHEMBL2835_5khx_CHEMBL3658855	6.617982957425133	CN(c1ncnc2[nH]ccc12)[C@H]1C[C@H](NS(=O)(=O)N2CCC(C#N)C2)C1	1.0
CHEMBL2971_6bbv_CHEMBL3655099	6.36251027048749	CN(c1ncnc2[nH]ccc12)[C@H]1C[C@@H](NS(=O)(=O)N2CC[C@H](C#N)C2)C1	CHEMBL2835_5khx_CHEMBL3658855	6.617982957425133	CN(c1ncnc2[nH]ccc12)[C@H]1C[C@H](NS(=O)(=O)N2CCC(C#N)C2)C1	1.0
CHEMBL2971_6bbv_CHEMBL3658855	5.4723700991286615	CN(c1ncnc2[nH]ccc12)[C@H]1C[C@H](NS(=O)(=O)N2CCC(C#N)C2)C1	CHEMBL2835_5khx_CHEMBL3658855	6.617982957425133	CN(c1ncnc2[nH]ccc12)[C@H]1C[C@H](NS(=O)(=O)N2CCC(C#N)C2)C1	1.0
CHEMBL2971_6bbv_CHEMBL3925083	6.995678626217357	CN(c1ncnc2[nH]ccc12)[C@H]1CC[C@H](CS(=O)(=O)NC2CCC2)CC1	CHEMBL2835_5khx_CHEMBL3925083	7.346787486224656	CN(c1ncnc2[nH]ccc12)[C@H]1CC[C@H](CS(=O)(=O)NC2CCC2)CC1	1.0
CHEMBL301_6gub_CHEMBL418203	6.657577319177793	CN1CCC(c2c(O)cc(O)c3c(=O)cc(-c4ccccc4Cl)oc23)[C@@H](O)C1	CHEMBL3116_3blr_CHEMBL422897	9.199970640755863	CN1CCC(c2c(O)cc(O)c3c(=O)cc(-c4ccccc4Cl)oc23)C(O)C1	1.0
CHEMBL301_6gub_CHEMBL418203	6.657577319177793	CN1CCC(c2c(O)cc(O)c3c(=O)cc(-c4ccccc4Cl)oc23)[C@@H](O)C1	CHEMBL3116_3blr_CHEMBL428690	8.193820026016112	CN1CC[C@H](c2c(O)cc(O)c3c(=O)cc(-c4ccccc4Cl)oc23)[C@H](O)C1	1.0
CHEMBL301_6gub_CHEMBL418203	6.657577319177793	CN1CCC(c2c(O)cc(O)c3c(=O)cc(-c4ccccc4Cl)oc23)[C@@H](O)C1	CHEMBL4696_1e1y_CHEMBL428690	5.920818753952375	CN1CC[C@H](c2c(O)cc(O)c3c(=O)cc(-c4ccccc4Cl)oc23)[C@H](O)C1	1.0
CHEMBL301_6gub_CHEMBL422897	7.400007822415903	CN1CCC(c2c(O)cc(O)c3c(=O)cc(-c4ccccc4Cl)oc23)C(O)C1	CHEMBL3116_3blr_CHEMBL422897	9.199970640755863	CN1CCC(c2c(O)cc(O)c3c(=O)cc(-c4ccccc4Cl)oc23)C(O)C1	1.0
CHEMBL301_6gub_CHEMBL422897	7.400007822415903	CN1CCC(c2c(O)cc(O)c3c(=O)cc(-c4ccccc4Cl)oc23)C(O)C1	CHEMBL3116_3blr_CHEMBL428690	8.193820026016112	CN1CC[C@H](c2c(O)cc(O)c3c(=O)cc(-c4ccccc4Cl)oc23)[C@H](O)C1	1.0
CHEMBL301_6gub_CHEMBL422897	7.400007822415903	CN1CCC(c2c(O)cc(O)c3c(=O)cc(-c4ccccc4Cl)oc23)C(O)C1	CHEMBL4696_1e1y_CHEMBL428690	5.920818753952375	CN1CC[C@H](c2c(O)cc(O)c3c(=O)cc(-c4ccccc4Cl)oc23)[C@H](O)C1	1.0
CHEMBL301_6gub_CHEMBL428690	6.259637310505756	CN1CC[C@H](c2c(O)cc(O)c3c(=O)cc(-c4ccccc4Cl)oc23)[C@H](O)C1	CHEMBL3116_3blr_CHEMBL422897	9.199970640755863	CN1CCC(c2c(O)cc(O)c3c(=O)cc(-c4ccccc4Cl)oc23)C(O)C1	1.0
CHEMBL301_6gub_CHEMBL428690	6.259637310505756	CN1CC[C@H](c2c(O)cc(O)c3c(=O)cc(-c4ccccc4Cl)oc23)[C@H](O)C1	CHEMBL3116_3blr_CHEMBL428690	8.193820026016112	CN1CC[C@H](c2c(O)cc(O)c3c(=O)cc(-c4ccccc4Cl)oc23)[C@H](O)C1	1.0
CHEMBL301_6gub_CHEMBL428690	6.259637310505756	CN1CC[C@H](c2c(O)cc(O)c3c(=O)cc(-c4ccccc4Cl)oc23)[C@H](O)C1	CHEMBL4696_1e1y_CHEMBL428690	5.920818753952375	CN1CC[C@H](c2c(O)cc(O)c3c(=O)cc(-c4ccccc4Cl)oc23)[C@H](O)C1	1.0
CHEMBL308_6gu2_CHEMBL4079206	8.309803919971486	CN1CC[C@H](c2c(O)cc(O)c3c(=O)cc(/C=C/c4c(Cl)cccc4Cl)oc23)[C@H](O)C1	CHEMBL3116_3blr_CHEMBL4079206	8.721246399047171	CN1CC[C@H](c2c(O)cc(O)c3c(=O)cc(/C=C/c4c(Cl)cccc4Cl)oc23)[C@H](O)C1	1.0
CHEMBL308_6gu2_CHEMBL418203	6.761439372640169	CN1CCC(c2c(O)cc(O)c3c(=O)cc(-c4ccccc4Cl)oc23)[C@@H](O)C1	CHEMBL3116_3blr_CHEMBL422897	9.199970640755863	CN1CCC(c2c(O)cc(O)c3c(=O)cc(-c4ccccc4Cl)oc23)C(O)C1	1.0
CHEMBL308_6gu2_CHEMBL418203	6.761439372640169	CN1CCC(c2c(O)cc(O)c3c(=O)cc(-c4ccccc4Cl)oc23)[C@@H](O)C1	CHEMBL3116_3blr_CHEMBL428690	8.193820026016112	CN1CC[C@H](c2c(O)cc(O)c3c(=O)cc(-c4ccccc4Cl)oc23)[C@H](O)C1	1.0
CHEMBL308_6gu2_CHEMBL418203	6.761439372640169	CN1CCC(c2c(O)cc(O)c3c(=O)cc(-c4ccccc4Cl)oc23)[C@@H](O)C1	CHEMBL4696_1e1y_CHEMBL428690	5.920818753952375	CN1CC[C@H](c2c(O)cc(O)c3c(=O)cc(-c4ccccc4Cl)oc23)[C@H](O)C1	1.0
CHEMBL308_6gu2_CHEMBL422897	7.500038134403809	CN1CCC(c2c(O)cc(O)c3c(=O)cc(-c4ccccc4Cl)oc23)C(O)C1	CHEMBL3116_3blr_CHEMBL422897	9.199970640755863	CN1CCC(c2c(O)cc(O)c3c(=O)cc(-c4ccccc4Cl)oc23)C(O)C1	1.0
CHEMBL308_6gu2_CHEMBL422897	7.500038134403809	CN1CCC(c2c(O)cc(O)c3c(=O)cc(-c4ccccc4Cl)oc23)C(O)C1	CHEMBL3116_3blr_CHEMBL428690	8.193820026016112	CN1CC[C@H](c2c(O)cc(O)c3c(=O)cc(-c4ccccc4Cl)oc23)[C@H](O)C1	1.0
CHEMBL308_6gu2_CHEMBL422897	7.500038134403809	CN1CCC(c2c(O)cc(O)c3c(=O)cc(-c4ccccc4Cl)oc23)C(O)C1	CHEMBL4696_1e1y_CHEMBL428690	5.920818753952375	CN1CC[C@H](c2c(O)cc(O)c3c(=O)cc(-c4ccccc4Cl)oc23)[C@H](O)C1	1.0
CHEMBL308_6gu2_CHEMBL428690	5.819300798703965	CN1CC[C@H](c2c(O)cc(O)c3c(=O)cc(-c4ccccc4Cl)oc23)[C@H](O)C1	CHEMBL3116_3blr_CHEMBL422897	9.199970640755863	CN1CCC(c2c(O)cc(O)c3c(=O)cc(-c4ccccc4Cl)oc23)C(O)C1	1.0
CHEMBL308_6gu2_CHEMBL428690	5.819300798703965	CN1CC[C@H](c2c(O)cc(O)c3c(=O)cc(-c4ccccc4Cl)oc23)[C@H](O)C1	CHEMBL3116_3blr_CHEMBL428690	8.193820026016112	CN1CC[C@H](c2c(O)cc(O)c3c(=O)cc(-c4ccccc4Cl)oc23)[C@H](O)C1	1.0
CHEMBL308_6gu2_CHEMBL428690	5.819300798703965	CN1CC[C@H](c2c(O)cc(O)c3c(=O)cc(-c4ccccc4Cl)oc23)[C@H](O)C1	CHEMBL4696_1e1y_CHEMBL428690	5.920818753952375	CN1CC[C@H](c2c(O)cc(O)c3c(=O)cc(-c4ccccc4Cl)oc23)[C@H](O)C1	1.0
CHEMBL308_6gu3_CHEMBL451462	6.886056647693162	Cc1ncc(-c2nc(Nc3ccc(C(=O)N4CCN(C)CC4)cc3)ncc2F)n1C(C)C	CHEMBL301_2w17_CHEMBL451462	7.744727494896692	Cc1ncc(-c2nc(Nc3ccc(C(=O)N4CCN(C)CC4)cc3)ncc2F)n1C(C)C	1.0
CHEMBL308_6gu3_CHEMBL455467	7.1487416512809245	Cc1ncc(-c2ccnc(Nc3ccc(C(=O)N4CCN(C)CC4)cc3)n2)n1C(C)C	CHEMBL301_2w17_CHEMBL455467	8.045757490560675	Cc1ncc(-c2ccnc(Nc3ccc(C(=O)N4CCN(C)CC4)cc3)n2)n1C(C)C	1.0
CHEMBL308_6gu3_CHEMBL455468	6.7447274948966935	Cc1ncc(-c2ccnc(Nc3ccc(C(=O)NC4CCN(C)CC4)cc3)n2)n1C(C)C	CHEMBL301_2w06_CHEMBL455468	7.431798275933005	Cc1ncc(-c2ccnc(Nc3ccc(C(=O)NC4CCN(C)CC4)cc3)n2)n1C(C)C	1.0
CHEMBL308_6gu3_CHEMBL460087	8.045757490560675	CN[C@H]1CCN(C(=O)c2ccc(Nc3nccc(-c4cnc(C)n4C(C)C)n3)cc2)C1	CHEMBL301_2w17_CHEMBL460087	8.698970004336019	CN[C@H]1CCN(C(=O)c2ccc(Nc3nccc(-c4cnc(C)n4C(C)C)n3)cc2)C1	1.0
CHEMBL308_6gu3_CHEMBL462192	8.301029995663981	Cc1ncc(-c2nc(Nc3ccc(C(=O)N4CCCN(C)CC4)cc3)ncc2F)n1C(C)C	CHEMBL301_2w17_CHEMBL462192	8.698970004336019	Cc1ncc(-c2nc(Nc3ccc(C(=O)N4CCCN(C)CC4)cc3)ncc2F)n1C(C)C	1.0
CHEMBL308_6gu3_CHEMBL507722	7.301029995663981	Cc1ncc(-c2nc(Nc3ccc(C(=O)NC4CCN(C)CC4)cc3)ncc2F)n1C(C)C	CHEMBL301_2w05_CHEMBL507722	7.443697499232713	Cc1ncc(-c2nc(Nc3ccc(C(=O)NC4CCN(C)CC4)cc3)ncc2F)n1C(C)C	1.0
CHEMBL308_6gu4_CHEMBL367625	7.508638306165728	CCn1cnc2c(Nc3cccc(Cl)c3)nc(N[C@@H]3CCCC[C@@H]3N)nc21	CHEMBL203_5ug8_CHEMBL367625	5.495699914119041	CCn1cnc2c(Nc3cccc(Cl)c3)nc(N[C@@H]3CCCC[C@@H]3N)nc21	1.0
CHEMBL308_6gu4_CHEMBL368278	6.920818753952375	CCn1cnc2c(Nc3cccc(Cl)c3)nc(N[C@H]3CCC[C@@H](N)C3)nc21	CHEMBL203_5ug8_CHEMBL368278	5.275724130399211	CCn1cnc2c(Nc3cccc(Cl)c3)nc(N[C@H]3CCC[C@@H](N)C3)nc21	1.0
CHEMBL308_6gu4_CHEMBL84140	5.0	CC(C)n1cnc2c(N)nc(NCCCO)nc21	CHEMBL301_1g5s_CHEMBL84140	5.619788758288393	CC(C)n1cnc2c(N)nc(NCCCO)nc21	1.0
CHEMBL3105_6bhv_CHEMBL435073	7.346787486224656	Nc1ncnc2c1ncn2C1OC(C(=O)N2CCN(CC(=O)Nc3cccc4c3CNC4=O)CC2)[C@@H](O)[C@H]1O	CHEMBL6154_4bj9_CHEMBL435073	7.348385766876406	Nc1ncnc2c1ncn2C1OC(C(=O)N2CCN(CC(=O)Nc3cccc4c3CNC4=O)CC2)[C@@H](O)[C@H]1O	1.0
CHEMBL3130_6g6w_CHEMBL3946161	8.0	C[C@H](Nc1ncnc2[nH]ccc12)c1nc2cccc(Cl)c2c(=O)n1-c1cccc(OCC(F)(F)F)c1	CHEMBL3267_2chw_CHEMBL3946161	6.337242168318426	C[C@H](Nc1ncnc2[nH]ccc12)c1nc2cccc(Cl)c2c(=O)n1-c1cccc(OCC(F)(F)F)c1	1.0
CHEMBL3242_5msb_CHEMBL2333403	8.173925197299173	NS(=O)(=O)c1c(F)c(F)c(SCc2ccccc2)c(F)c1F	CHEMBL205_4pzh_CHEMBL2333403	8.886056647693161	NS(=O)(=O)c1c(F)c(F)c(SCc2ccccc2)c(F)c1F	1.0
CHEMBL3242_5msb_CHEMBL2333403	8.173925197299173	NS(=O)(=O)c1c(F)c(F)c(SCc2ccccc2)c(F)c1F	CHEMBL261_4wr7_CHEMBL2333403	9.602059991327963	NS(=O)(=O)c1c(F)c(F)c(SCc2ccccc2)c(F)c1F	1.0
CHEMBL3242_5msb_CHEMBL2333403	8.173925197299173	NS(=O)(=O)c1c(F)c(F)c(SCc2ccccc2)c(F)c1F	CHEMBL3912_4hu1_CHEMBL2333403	9.397940008672037	NS(=O)(=O)c1c(F)c(F)c(SCc2ccccc2)c(F)c1F	1.0
CHEMBL3242_5msb_CHEMBL2333406	6.9586073148417755	NS(=O)(=O)c1c(F)c(F)c(SCCc2ccccc2)c(F)c1F	CHEMBL205_4ww6_CHEMBL2333406	8.769551078621726	NS(=O)(=O)c1c(F)c(F)c(SCCc2ccccc2)c(F)c1F	1.0
CHEMBL3242_5msb_CHEMBL2333406	6.9586073148417755	NS(=O)(=O)c1c(F)c(F)c(SCCc2ccccc2)c(F)c1F	CHEMBL261_4wr7_CHEMBL2333406	9.69897000433602	NS(=O)(=O)c1c(F)c(F)c(SCCc2ccccc2)c(F)c1F	1.0
CHEMBL3242_5msb_CHEMBL2333406	6.9586073148417755	NS(=O)(=O)c1c(F)c(F)c(SCCc2ccccc2)c(F)c1F	CHEMBL3912_4hu1_CHEMBL2333406	9.657577319177793	NS(=O)(=O)c1c(F)c(F)c(SCCc2ccccc2)c(F)c1F	1.0
CHEMBL3242_5msb_CHEMBL2333407	7.113509274827518	NS(=O)(=O)c1c(F)c(F)c(S(=O)(=O)CCc2ccccc2)c(F)c1F	CHEMBL205_4ww6_CHEMBL2333407	8.886056647693161	NS(=O)(=O)c1c(F)c(F)c(S(=O)(=O)CCc2ccccc2)c(F)c1F	1.0
CHEMBL3242_5msb_CHEMBL2333407	7.113509274827518	NS(=O)(=O)c1c(F)c(F)c(S(=O)(=O)CCc2ccccc2)c(F)c1F	CHEMBL261_4wr7_CHEMBL2333407	9.602059991327963	NS(=O)(=O)c1c(F)c(F)c(S(=O)(=O)CCc2ccccc2)c(F)c1F	1.0
CHEMBL3242_5msb_CHEMBL2333407	7.113509274827518	NS(=O)(=O)c1c(F)c(F)c(S(=O)(=O)CCc2ccccc2)c(F)c1F	CHEMBL3912_4hu1_CHEMBL2333407	9.397940008672037	NS(=O)(=O)c1c(F)c(F)c(S(=O)(=O)CCc2ccccc2)c(F)c1F	1.0
CHEMBL3242_5msb_CHEMBL2333416	6.9586073148417755	NS(=O)(=O)c1c(F)c(F)c(SCCO)c(F)c1F	CHEMBL205_4ww6_CHEMBL2333416	8.173925197299173	NS(=O)(=O)c1c(F)c(F)c(SCCO)c(F)c1F	1.0
CHEMBL3242_5msb_CHEMBL2333416	6.9586073148417755	NS(=O)(=O)c1c(F)c(F)c(SCCO)c(F)c1F	CHEMBL261_4wr7_CHEMBL2333416	9.958607314841776	NS(=O)(=O)c1c(F)c(F)c(SCCO)c(F)c1F	1.0
CHEMBL3242_5msb_CHEMBL2333416	6.9586073148417755	NS(=O)(=O)c1c(F)c(F)c(SCCO)c(F)c1F	CHEMBL3912_4hu1_CHEMBL2333416	8.080921907623924	NS(=O)(=O)c1c(F)c(F)c(SCCO)c(F)c1F	1.0
CHEMBL3242_5msb_CHEMBL2333417	6.6020599913279625	NS(=O)(=O)c1c(F)c(F)c(S(=O)(=O)CCO)c(F)c1F	CHEMBL205_4ww6_CHEMBL2333417	7.769551078621726	NS(=O)(=O)c1c(F)c(F)c(S(=O)(=O)CCO)c(F)c1F	1.0
CHEMBL3242_5msb_CHEMBL2333417	6.6020599913279625	NS(=O)(=O)c1c(F)c(F)c(S(=O)(=O)CCO)c(F)c1F	CHEMBL261_4wr7_CHEMBL2333417	9.69897000433602	NS(=O)(=O)c1c(F)c(F)c(S(=O)(=O)CCO)c(F)c1F	1.0
CHEMBL3242_5msb_CHEMBL2333417	6.6020599913279625	NS(=O)(=O)c1c(F)c(F)c(S(=O)(=O)CCO)c(F)c1F	CHEMBL3912_4hu1_CHEMBL2333417	7.516226011890567	NS(=O)(=O)c1c(F)c(F)c(S(=O)(=O)CCO)c(F)c1F	1.0
CHEMBL3242_5msb_CHEMBL2333418	7.721246399047171	CCCSc1c(F)c(F)c(S(N)(=O)=O)c(F)c1F	CHEMBL205_4ww6_CHEMBL2333418	8.869964306007462	CCCSc1c(F)c(F)c(S(N)(=O)=O)c(F)c1F	1.0
CHEMBL3242_5msb_CHEMBL2333418	7.721246399047171	CCCSc1c(F)c(F)c(S(N)(=O)=O)c(F)c1F	CHEMBL261_4wr7_CHEMBL2333418	10.481486060122114	CCCSc1c(F)c(F)c(S(N)(=O)=O)c(F)c1F	1.0
CHEMBL3242_5msb_CHEMBL2333418	7.721246399047171	CCCSc1c(F)c(F)c(S(N)(=O)=O)c(F)c1F	CHEMBL3912_4hu1_CHEMBL2333418	9.022637604510468	CCCSc1c(F)c(F)c(S(N)(=O)=O)c(F)c1F	1.0
CHEMBL3242_5msb_CHEMBL2333419	7.301029995663981	NS(=O)(=O)c1c(F)c(F)c(SCC(=O)O)c(F)c1F	CHEMBL205_4ww6_CHEMBL2333419	7.9586073148417755	NS(=O)(=O)c1c(F)c(F)c(SCC(=O)O)c(F)c1F	1.0
CHEMBL3242_5msb_CHEMBL2333419	7.301029995663981	NS(=O)(=O)c1c(F)c(F)c(SCC(=O)O)c(F)c1F	CHEMBL261_4wr7_CHEMBL2333419	9.69897000433602	NS(=O)(=O)c1c(F)c(F)c(SCC(=O)O)c(F)c1F	1.0
CHEMBL3242_5msb_CHEMBL2333419	7.301029995663981	NS(=O)(=O)c1c(F)c(F)c(SCC(=O)O)c(F)c1F	CHEMBL3912_4hu1_CHEMBL2333419	8.173925197299173	NS(=O)(=O)c1c(F)c(F)c(SCC(=O)O)c(F)c1F	1.0
CHEMBL3242_5msb_CHEMBL2333420	7.040958607678906	NS(=O)(=O)c1c(F)c(F)c(SCCC(=O)O)c(F)c1F	CHEMBL205_4ww6_CHEMBL2333420	7.698970004336019	NS(=O)(=O)c1c(F)c(F)c(SCCC(=O)O)c(F)c1F	1.0
CHEMBL3242_5msb_CHEMBL2333420	7.040958607678906	NS(=O)(=O)c1c(F)c(F)c(SCCC(=O)O)c(F)c1F	CHEMBL261_4wr7_CHEMBL2333420	9.397940008672037	NS(=O)(=O)c1c(F)c(F)c(SCCC(=O)O)c(F)c1F	1.0
CHEMBL3242_5msb_CHEMBL2333420	7.040958607678906	NS(=O)(=O)c1c(F)c(F)c(SCCC(=O)O)c(F)c1F	CHEMBL3912_4hu1_CHEMBL2333420	7.698970004336019	NS(=O)(=O)c1c(F)c(F)c(SCCC(=O)O)c(F)c1F	1.0
CHEMBL3594_6fe0_CHEMBL3359179	7.823908740944319	NS(=O)(=O)c1c(F)c(F)c(SCCO)c(F)c1NC1CCCCCCC1	CHEMBL205_4pyx_CHEMBL3359179	6.040958607678906	NS(=O)(=O)c1c(F)c(F)c(SCCO)c(F)c1NC1CCCCCCC1	1.0
CHEMBL3594_6fe0_CHEMBL3359179	7.823908740944319	NS(=O)(=O)c1c(F)c(F)c(SCCO)c(F)c1NC1CCCCCCC1	CHEMBL261_5e2m_CHEMBL3359179	4.3191360819912035	NS(=O)(=O)c1c(F)c(F)c(SCCO)c(F)c1NC1CCCCCCC1	1.0
CHEMBL3594_6fe0_CHEMBL3359179	7.823908740944319	NS(=O)(=O)c1c(F)c(F)c(SCCO)c(F)c1NC1CCCCCCC1	CHEMBL3242_4q0l_CHEMBL3359179	6.638272163982407	NS(=O)(=O)c1c(F)c(F)c(SCCO)c(F)c1NC1CCCCCCC1	1.0
CHEMBL3594_6fe0_CHEMBL3797835	7.568636235841013	CCCSc1c(F)c(F)c(S(N)(=O)=O)c(NC2CCCCCCC2)c1F	CHEMBL205_4pyx_CHEMBL3797835	6.346787486224656	CCCSc1c(F)c(F)c(S(N)(=O)=O)c(NC2CCCCCCC2)c1F	1.0
CHEMBL3594_6fe0_CHEMBL3797835	7.568636235841013	CCCSc1c(F)c(F)c(S(N)(=O)=O)c(NC2CCCCCCC2)c1F	CHEMBL261_5e2m_CHEMBL3797835	5.040958607678906	CCCSc1c(F)c(F)c(S(N)(=O)=O)c(NC2CCCCCCC2)c1F	1.0
CHEMBL3594_6fe0_CHEMBL3797835	7.568636235841013	CCCSc1c(F)c(F)c(S(N)(=O)=O)c(NC2CCCCCCC2)c1F	CHEMBL3242_4q0l_CHEMBL3797835	6.3979400086720375	CCCSc1c(F)c(F)c(S(N)(=O)=O)c(NC2CCCCCCC2)c1F	1.0
CHEMBL3594_6g98_CHEMBL3359181	9.5	NS(=O)(=O)c1c(F)c(F)c(S(=O)(=O)CCO)c(NC2CCCCCCC2)c1F	CHEMBL205_4q09_CHEMBL3359181	7.383374995229449	NS(=O)(=O)c1c(F)c(F)c(S(=O)(=O)CCO)c(NC2CCCCCCC2)c1F	1.0
CHEMBL3594_6g98_CHEMBL3359181	9.5	NS(=O)(=O)c1c(F)c(F)c(S(=O)(=O)CCO)c(NC2CCCCCCC2)c1F	CHEMBL261_5e2m_CHEMBL3359181	6.1487416512809245	NS(=O)(=O)c1c(F)c(F)c(S(=O)(=O)CCO)c(NC2CCCCCCC2)c1F	1.0
CHEMBL3594_6g98_CHEMBL3359181	9.5	NS(=O)(=O)c1c(F)c(F)c(S(=O)(=O)CCO)c(NC2CCCCCCC2)c1F	CHEMBL3242_4qjw_CHEMBL3359181	8.327705628710643	NS(=O)(=O)c1c(F)c(F)c(S(=O)(=O)CCO)c(NC2CCCCCCC2)c1F	1.0
CHEMBL3594_6g98_CHEMBL3359181	9.5	NS(=O)(=O)c1c(F)c(F)c(S(=O)(=O)CCO)c(NC2CCCCCCC2)c1F	CHEMBL3912_4qjp_CHEMBL3359181	8.443697499232712	NS(=O)(=O)c1c(F)c(F)c(S(=O)(=O)CCO)c(NC2CCCCCCC2)c1F	1.0
CHEMBL3594_6g98_CHEMBL3798303	11.173925197299173	CCCS(=O)(=O)c1c(F)c(F)c(S(N)(=O)=O)c(F)c1NC1CCCCCCC1	CHEMBL205_4pyy_CHEMBL3798303	7.349485002168009	CCCS(=O)(=O)c1c(F)c(F)c(S(N)(=O)=O)c(F)c1NC1CCCCCCC1	1.0
CHEMBL3594_6g98_CHEMBL3798303	11.173925197299173	CCCS(=O)(=O)c1c(F)c(F)c(S(N)(=O)=O)c(F)c1NC1CCCCCCC1	CHEMBL261_5e2m_CHEMBL3798303	6.481486060122112	CCCS(=O)(=O)c1c(F)c(F)c(S(N)(=O)=O)c(F)c1NC1CCCCCCC1	1.0
CHEMBL3594_6g98_CHEMBL3798303	11.173925197299173	CCCS(=O)(=O)c1c(F)c(F)c(S(N)(=O)=O)c(F)c1NC1CCCCCCC1	CHEMBL3242_4qjw_CHEMBL3798303	8.958607314841776	CCCS(=O)(=O)c1c(F)c(F)c(S(N)(=O)=O)c(F)c1NC1CCCCCCC1	1.0
CHEMBL3594_6g98_CHEMBL3798303	11.173925197299173	CCCS(=O)(=O)c1c(F)c(F)c(S(N)(=O)=O)c(F)c1NC1CCCCCCC1	CHEMBL3912_4qjx_CHEMBL3798303	8.240743030061056	CCCS(=O)(=O)c1c(F)c(F)c(S(N)(=O)=O)c(F)c1NC1CCCCCCC1	1.0
CHEMBL3594_6g98_CHEMBL3798473	9.468521082957745	CC(C)(C)Nc1c(F)c(S(N)(=O)=O)c(F)c(F)c1S(=O)(=O)CCc1ccccc1	CHEMBL205_4q09_CHEMBL3798473	9.229147988357855	CC(C)(C)Nc1c(F)c(S(N)(=O)=O)c(F)c(F)c1S(=O)(=O)CCc1ccccc1	1.0
CHEMBL3594_6g98_CHEMBL3798473	9.468521082957745	CC(C)(C)Nc1c(F)c(S(N)(=O)=O)c(F)c(F)c1S(=O)(=O)CCc1ccccc1	CHEMBL261_5e2m_CHEMBL3798473	6.657577319177793	CC(C)(C)Nc1c(F)c(S(N)(=O)=O)c(F)c(F)c1S(=O)(=O)CCc1ccccc1	1.0
CHEMBL3594_6g98_CHEMBL3798473	9.468521082957745	CC(C)(C)Nc1c(F)c(S(N)(=O)=O)c(F)c(F)c1S(=O)(=O)CCc1ccccc1	CHEMBL3242_4qjw_CHEMBL3798473	7.769551078621726	CC(C)(C)Nc1c(F)c(S(N)(=O)=O)c(F)c(F)c1S(=O)(=O)CCc1ccccc1	1.0
CHEMBL3594_6g98_CHEMBL3798473	9.468521082957745	CC(C)(C)Nc1c(F)c(S(N)(=O)=O)c(F)c(F)c1S(=O)(=O)CCc1ccccc1	CHEMBL3912_5e2n_CHEMBL3798473	8.952415324284123	CC(C)(C)Nc1c(F)c(S(N)(=O)=O)c(F)c(F)c1S(=O)(=O)CCc1ccccc1	1.0
CHEMBL3594_6g98_CHEMBL3799577	8.698970004336019	CNc1c(F)c(S(N)(=O)=O)c(F)c(F)c1S(=O)(=O)CCc1ccccc1	CHEMBL205_4qtl_CHEMBL3799577	8.619788758288394	CNc1c(F)c(S(N)(=O)=O)c(F)c(F)c1S(=O)(=O)CCc1ccccc1	1.0
CHEMBL3594_6g98_CHEMBL3799577	8.698970004336019	CNc1c(F)c(S(N)(=O)=O)c(F)c(F)c1S(=O)(=O)CCc1ccccc1	CHEMBL261_5e2m_CHEMBL3799577	7.6020599913279625	CNc1c(F)c(S(N)(=O)=O)c(F)c(F)c1S(=O)(=O)CCc1ccccc1	1.0
CHEMBL3594_6g98_CHEMBL3799577	8.698970004336019	CNc1c(F)c(S(N)(=O)=O)c(F)c(F)c1S(=O)(=O)CCc1ccccc1	CHEMBL3242_4qjw_CHEMBL3799577	7.022276394711152	CNc1c(F)c(S(N)(=O)=O)c(F)c(F)c1S(=O)(=O)CCc1ccccc1	1.0
CHEMBL3594_6g98_CHEMBL3799577	8.698970004336019	CNc1c(F)c(S(N)(=O)=O)c(F)c(F)c1S(=O)(=O)CCc1ccccc1	CHEMBL3912_5e2n_CHEMBL3799577	9.361769097913378	CNc1c(F)c(S(N)(=O)=O)c(F)c(F)c1S(=O)(=O)CCc1ccccc1	1.0
CHEMBL3650_5vnd_CHEMBL1834657	8.537602002101043	CCN1CCN(c2ccc(Nc3cc(N(C)C(=O)Nc4c(Cl)c(OC)cc(OC)c4Cl)ncn3)cc2)CC1	CHEMBL3973_4r6v_CHEMBL1834657	6.9982697339452455	CCN1CCN(c2ccc(Nc3cc(N(C)C(=O)Nc4c(Cl)c(OC)cc(OC)c4Cl)ncn3)cc2)CC1	1.0
CHEMBL3650_5vnd_CHEMBL1834657	8.537602002101043	CCN1CCN(c2ccc(Nc3cc(N(C)C(=O)Nc4c(Cl)c(OC)cc(OC)c4Cl)ncn3)cc2)CC1	CHEMBL3973_4r6v_CHEMBL1852688	7.214728530059053	CCN1CCN(c2ccc(Nc3cc(N(C)C(=O)Nc4c(Cl)c(OC)cc(OC)c4Cl)ncn3)cc2)CC1	1.0
CHEMBL3650_5vnd_CHEMBL1852688	9.0	CCN1CCN(c2ccc(Nc3cc(N(C)C(=O)Nc4c(Cl)c(OC)cc(OC)c4Cl)ncn3)cc2)CC1	CHEMBL3973_4r6v_CHEMBL1834657	6.9982697339452455	CCN1CCN(c2ccc(Nc3cc(N(C)C(=O)Nc4c(Cl)c(OC)cc(OC)c4Cl)ncn3)cc2)CC1	1.0
CHEMBL3650_5vnd_CHEMBL1852688	9.0	CCN1CCN(c2ccc(Nc3cc(N(C)C(=O)Nc4c(Cl)c(OC)cc(OC)c4Cl)ncn3)cc2)CC1	CHEMBL3973_4r6v_CHEMBL1852688	7.214728530059053	CCN1CCN(c2ccc(Nc3cc(N(C)C(=O)Nc4c(Cl)c(OC)cc(OC)c4Cl)ncn3)cc2)CC1	1.0
CHEMBL3650_5vnd_CHEMBL3889525	5.693146251306993	C=CC(=O)Nc1cc(CN2CCN(CC)CC2)ccc1Nc1cc(N(C)C(=O)Nc2c(Cl)c(OC)cc(OC)c2Cl)ncn1	CHEMBL3973_4r6v_CHEMBL3889525	9.0	C=CC(=O)Nc1cc(CN2CCN(CC)CC2)ccc1Nc1cc(N(C)C(=O)Nc2c(Cl)c(OC)cc(OC)c2Cl)ncn1	1.0
CHEMBL3650_5vnd_CHEMBL3897741	6.785156151952302	C=CC(=O)Nc1cc(N2C[C@H](C)N[C@H](C)C2)ccc1Nc1cc(N(C)C(=O)Nc2c(Cl)c(OC)cc(OC)c2Cl)ncn1	CHEMBL3973_4r6v_CHEMBL3897741	9.0	C=CC(=O)Nc1cc(N2C[C@H](C)N[C@H](C)C2)ccc1Nc1cc(N(C)C(=O)Nc2c(Cl)c(OC)cc(OC)c2Cl)ncn1	1.0
CHEMBL3650_5vnd_CHEMBL3900071	6.221125527997262	C=CC(=O)Nc1cc(CCCN(C)C)ccc1Nc1cc(N(C)C(=O)Nc2c(Cl)c(OC)cc(OC)c2Cl)ncn1	CHEMBL3973_4r6v_CHEMBL3900071	9.0	C=CC(=O)Nc1cc(CCCN(C)C)ccc1Nc1cc(N(C)C(=O)Nc2c(Cl)c(OC)cc(OC)c2Cl)ncn1	1.0
CHEMBL3650_5vnd_CHEMBL3905232	5.892790030352131	C=CC(=O)Nc1cc(C2CCN(CC)CC2)ccc1Nc1cc(N(C)C(=O)Nc2c(Cl)c(OC)cc(OC)c2Cl)ncn1	CHEMBL3973_4r6v_CHEMBL3905232	9.0	C=CC(=O)Nc1cc(C2CCN(CC)CC2)ccc1Nc1cc(N(C)C(=O)Nc2c(Cl)c(OC)cc(OC)c2Cl)ncn1	1.0
CHEMBL3650_5vnd_CHEMBL3906748	6.489454989793388	C=CC(=O)Nc1cc(C2CCNCC2)ccc1Nc1cc(N(C)C(=O)Nc2c(Cl)c(OC)cc(OC)c2Cl)ncn1	CHEMBL3973_4r6v_CHEMBL3906748	9.0	C=CC(=O)Nc1cc(C2CCNCC2)ccc1Nc1cc(N(C)C(=O)Nc2c(Cl)c(OC)cc(OC)c2Cl)ncn1	1.0
CHEMBL3650_5vnd_CHEMBL3915603	6.939302159646387	C=CC(=O)Nc1cc(N2CCN(C)CC2)ccc1Nc1cc(N(C)C(=O)Nc2c(Cl)c(OC)cc(OC)c2Cl)ncn1	CHEMBL3973_4r6v_CHEMBL3915603	9.0	C=CC(=O)Nc1cc(N2CCN(C)CC2)ccc1Nc1cc(N(C)C(=O)Nc2c(Cl)c(OC)cc(OC)c2Cl)ncn1	1.0
CHEMBL3650_5vnd_CHEMBL3921678	6.180456064458133	C=CC(=O)Nc1cc(C(C)N)ccc1Nc1cc(N(C)C(=O)Nc2c(Cl)c(OC)cc(OC)c2Cl)ncn1	CHEMBL3973_4r6v_CHEMBL3921678	9.0	C=CC(=O)Nc1cc(C(C)N)ccc1Nc1cc(N(C)C(=O)Nc2c(Cl)c(OC)cc(OC)c2Cl)ncn1	1.0
CHEMBL3650_5vnd_CHEMBL3926533	6.950781977329817	C=CC(=O)Nc1ccccc1Nc1cc(N(Cc2cc(C)no2)C(=O)Nc2c(Cl)c(OC)cc(OC)c2Cl)ncn1	CHEMBL3973_4r6v_CHEMBL3926533	9.0	C=CC(=O)Nc1ccccc1Nc1cc(N(Cc2cc(C)no2)C(=O)Nc2c(Cl)c(OC)cc(OC)c2Cl)ncn1	1.0
CHEMBL3650_5vnd_CHEMBL3932109	5.095284454721319	C=CC(=O)Nc1cc(C(C)OC)ccc1Nc1cc(N(C)C(=O)Nc2c(Cl)c(OC)cc(OC)c2Cl)ncn1	CHEMBL3973_4r6v_CHEMBL3932109	9.0	C=CC(=O)Nc1cc(C(C)OC)ccc1Nc1cc(N(C)C(=O)Nc2c(Cl)c(OC)cc(OC)c2Cl)ncn1	1.0
CHEMBL3650_5vnd_CHEMBL3932175	5.20690839982342	C=CC(=O)Nc1ccccc1Nc1cc(N(CCNC(C)C)C(=O)Nc2c(Cl)c(OC)cc(OC)c2Cl)ncn1	CHEMBL3973_4r6v_CHEMBL3932175	6.7447274948966935	C=CC(=O)Nc1ccccc1Nc1cc(N(CCNC(C)C)C(=O)Nc2c(Cl)c(OC)cc(OC)c2Cl)ncn1	1.0
CHEMBL3650_5vnd_CHEMBL3937272	6.284832642151543	C=CC(=O)Nc1cc(CCN(C)C)ccc1Nc1cc(N(C)C(=O)Nc2c(Cl)c(OC)cc(OC)c2Cl)ncn1	CHEMBL3973_4r6v_CHEMBL3937272	9.0	C=CC(=O)Nc1cc(CCN(C)C)ccc1Nc1cc(N(C)C(=O)Nc2c(Cl)c(OC)cc(OC)c2Cl)ncn1	1.0
CHEMBL3650_5vnd_CHEMBL3937344	5.987162775294827	C=CC(=O)Nc1cc(N2CCN(CCO)CC2)ccc1Nc1cc(N(C)C(=O)Nc2c(Cl)c(OC)cc(OC)c2Cl)ncn1	CHEMBL3973_4r6v_CHEMBL3937344	9.0	C=CC(=O)Nc1cc(N2CCN(CCO)CC2)ccc1Nc1cc(N(C)C(=O)Nc2c(Cl)c(OC)cc(OC)c2Cl)ncn1	1.0
CHEMBL3650_5vnd_CHEMBL3939295	6.6284019592756485	C=CC(=O)Nc1cc(N2CCN(CC)CC2)ccc1Nc1cc(N(C)C(=O)Nc2c(Cl)c(OC)cc(OC)c2Cl)ncn1	CHEMBL3973_4r6v_CHEMBL3939295	9.0	C=CC(=O)Nc1cc(N2CCN(CC)CC2)ccc1Nc1cc(N(C)C(=O)Nc2c(Cl)c(OC)cc(OC)c2Cl)ncn1	1.0
CHEMBL3650_5vnd_CHEMBL3941511	6.1095789811990855	C=CC(=O)Nc1cc(N2CCN(C(C)=O)CC2)ccc1Nc1cc(N(C)C(=O)Nc2c(Cl)c(OC)cc(OC)c2Cl)ncn1	CHEMBL3973_4r6v_CHEMBL3941511	9.0	C=CC(=O)Nc1cc(N2CCN(C(C)=O)CC2)ccc1Nc1cc(N(C)C(=O)Nc2c(Cl)c(OC)cc(OC)c2Cl)ncn1	1.0
CHEMBL3650_5vnd_CHEMBL3949590	5.569602408613033	C=CC(=O)Nc1cc(N2CCN(CCN)CC2)ccc1Nc1cc(N(C)C(=O)Nc2c(Cl)c(OC)cc(OC)c2Cl)ncn1	CHEMBL3973_4r6v_CHEMBL3949590	9.0	C=CC(=O)Nc1cc(N2CCN(CCN)CC2)ccc1Nc1cc(N(C)C(=O)Nc2c(Cl)c(OC)cc(OC)c2Cl)ncn1	1.0
CHEMBL3650_5vnd_CHEMBL3951868	6.527243550682787	C=CC(=O)N(C)c1cc(N2CCN(CC)CC2)ccc1Nc1cc(N(C)C(=O)Nc2c(Cl)c(OC)cc(OC)c2Cl)ncn1	CHEMBL3973_4r6v_CHEMBL3951868	7.853871964321763	C=CC(=O)N(C)c1cc(N2CCN(CC)CC2)ccc1Nc1cc(N(C)C(=O)Nc2c(Cl)c(OC)cc(OC)c2Cl)ncn1	1.0
CHEMBL3650_5vnd_CHEMBL3953646	6.649751981665838	CCN1CCN(c2ccc(Nc3cc(N(C)C(=O)Nc4c(Cl)c(OC)cc(OC)c4Cl)ncn3)c(NC(=O)/C=C\Cl)c2)CC1	CHEMBL3973_4r6v_CHEMBL3953646	9.0	CCN1CCN(c2ccc(Nc3cc(N(C)C(=O)Nc4c(Cl)c(OC)cc(OC)c4Cl)ncn3)c(NC(=O)/C=C\Cl)c2)CC1	1.0
CHEMBL3650_5vnd_CHEMBL3957874	6.20690839982342	C=CC(=O)Nc1cc(CN(C)C)ccc1Nc1cc(N(C)C(=O)Nc2c(Cl)c(OC)cc(OC)c2Cl)ncn1	CHEMBL3973_4r6v_CHEMBL3957874	9.0	C=CC(=O)Nc1cc(CN(C)C)ccc1Nc1cc(N(C)C(=O)Nc2c(Cl)c(OC)cc(OC)c2Cl)ncn1	1.0
CHEMBL3650_5vnd_CHEMBL3959290	5.3080348972326385	C=CC(=O)Nc1cccc(OC)c1Nc1cc(N(C)C(=O)Nc2c(Cl)c(OC)cc(OC)c2Cl)ncn1	CHEMBL3973_4r6v_CHEMBL3959290	9.0	C=CC(=O)Nc1cccc(OC)c1Nc1cc(N(C)C(=O)Nc2c(Cl)c(OC)cc(OC)c2Cl)ncn1	1.0
CHEMBL3650_5vnd_CHEMBL3963148	5.494850021680094	C=CC(=O)Nc1cc(OCCN(C)C)ccc1Nc1cc(N(C)C(=O)Nc2c(Cl)c(OC)cc(OC)c2Cl)ncn1	CHEMBL3973_4r6v_CHEMBL3963148	9.0	C=CC(=O)Nc1cc(OCCN(C)C)ccc1Nc1cc(N(C)C(=O)Nc2c(Cl)c(OC)cc(OC)c2Cl)ncn1	1.0
CHEMBL3650_5vnd_CHEMBL3967008	5.454692883534176	C=CC(=O)Nc1cc(OCCO)ccc1Nc1cc(N(C)C(=O)Nc2c(Cl)c(OC)cc(OC)c2Cl)ncn1	CHEMBL3973_4r6v_CHEMBL3967008	9.0	C=CC(=O)Nc1cc(OCCO)ccc1Nc1cc(N(C)C(=O)Nc2c(Cl)c(OC)cc(OC)c2Cl)ncn1	1.0
CHEMBL3650_5vnd_CHEMBL3980461	5.991399828238082	C=CC(=O)Nc1ccccc1Nc1cc(N(CCCN2CCN(C)CC2)C(=O)Nc2c(Cl)c(OC)cc(OC)c2Cl)ncn1	CHEMBL3973_4r6v_CHEMBL3980461	9.0	C=CC(=O)Nc1ccccc1Nc1cc(N(CCCN2CCN(C)CC2)C(=O)Nc2c(Cl)c(OC)cc(OC)c2Cl)ncn1	1.0
CHEMBL3650_5vnd_CHEMBL3981394	5.924453038607469	C=CC(=O)Nc1ccccc1Nc1cc(N(CCCN(C)C)C(=O)Nc2c(Cl)c(OC)cc(OC)c2Cl)ncn1	CHEMBL3973_4r6v_CHEMBL3981394	9.0	C=CC(=O)Nc1ccccc1Nc1cc(N(CCCN(C)C)C(=O)Nc2c(Cl)c(OC)cc(OC)c2Cl)ncn1	1.0
CHEMBL3650_5vnd_CHEMBL3982659	5.188760227246711	C=CC(=O)Nc1c(C)cccc1Nc1cc(N(C)C(=O)Nc2c(Cl)c(OC)cc(OC)c2Cl)ncn1	CHEMBL3973_4r6v_CHEMBL3982659	7.0506099933550885	C=CC(=O)Nc1c(C)cccc1Nc1cc(N(C)C(=O)Nc2c(Cl)c(OC)cc(OC)c2Cl)ncn1	1.0
CHEMBL3650_5vnd_CHEMBL4092990	9.0	C=CC(=O)Nc1ccc(CN(C(=O)Nc2c(Cl)c(OC)cc(OC)c2Cl)c2cc(Nc3ccc(N4CCN(C)CC4)cc3)ncn2)cc1	CHEMBL3973_4r6v_CHEMBL4092990	7.657577319177793	C=CC(=O)Nc1ccc(CN(C(=O)Nc2c(Cl)c(OC)cc(OC)c2Cl)c2cc(Nc3ccc(N4CCN(C)CC4)cc3)ncn2)cc1	1.0
CHEMBL3763008_6boy_CHEMBL4449512	6.387806277669294	O=C1CCC(N2Cc3c(CCCCCNC(=O)[C@@H]4NC5(CCCCC5)[C@@]5(C(=O)Nc6cc(Cl)ccc65)[C@H]4c4cccc(Cl)c4F)cccc3C2=O)C(=O)N1	CHEMBL5023_5trf_CHEMBL4449512	7.170696227168975	O=C1CCC(N2Cc3c(CCCCCNC(=O)[C@@H]4NC5(CCCCC5)[C@@]5(C(=O)Nc6cc(Cl)ccc65)[C@H]4c4cccc(Cl)c4F)cccc3C2=O)C(=O)N1	1.0
CHEMBL3778_6f3d_CHEMBL4064608	9.154901959985743	c1nc(N[C@H]2CC[C@H](N3CCOCC3)CC2)c2c(C3CCOCC3)c[nH]c2n1	CHEMBL3778_5k76_CHEMBL4094760	5.876381725246617	c1nc(N[C@H]2CC[C@@H](N3CCOCC3)CC2)c2c(C3CCOCC3)c[nH]c2n1	1.0
CHEMBL3885801_6f92_CHEMBL1213397	3.576831443935097	OC[C@@H]1[C@@H](O)[C@H](O)[C@H](O)c2nccn21	CHEMBL4296293_2vot_CHEMBL1213397	3.901747167532156	OC[C@@H]1[C@@H](O)[C@H](O)[C@H](O)c2nccn21	1.0
CHEMBL3973_5nwz_CHEMBL3348846	6.88483941554046	COc1cc(CCc2cc(NC(=O)c3ccc(N4C[C@H](C)N[C@H](C)C4)cc3)n[nH]2)cc(OC)c1	CHEMBL3650_4v05_CHEMBL3348846	8.958607314841776	COc1cc(CCc2cc(NC(=O)c3ccc(N4C[C@H](C)N[C@H](C)C4)cc3)n[nH]2)cc(OC)c1	1.0
CHEMBL4105829_6f6i_CHEMBL490	3.1870866433571443	Fc1ccc([C@@H]2CCNC[C@H]2COc2ccc3c(c2)OCO3)cc1	CHEMBL3711550_5ukm_CHEMBL1708	5.886056647693162	Fc1ccc([C@@H]2CCNC[C@H]2COc2ccc3c(c2)OCO3)cc1	1.0
CHEMBL4105829_6f6i_CHEMBL490	3.1870866433571443	Fc1ccc([C@@H]2CCNC[C@H]2COc2ccc3c(c2)OCO3)cc1	CHEMBL3711550_5ukm_CHEMBL490	5.860120913598763	Fc1ccc([C@@H]2CCNC[C@H]2COc2ccc3c(c2)OCO3)cc1	1.0
CHEMBL4105829_6f6i_CHEMBL490	3.1870866433571443	Fc1ccc([C@@H]2CCNC[C@H]2COc2ccc3c(c2)OCO3)cc1	CHEMBL3879860_4l9i_CHEMBL1708	3.50003813440381	Fc1ccc([C@@H]2CCNC[C@H]2COc2ccc3c(c2)OCO3)cc1	1.0
CHEMBL4105829_6f6i_CHEMBL490	3.1870866433571443	Fc1ccc([C@@H]2CCNC[C@H]2COc2ccc3c(c2)OCO3)cc1	CHEMBL4079_5ukk_CHEMBL1708	5.151603457459128	Fc1ccc([C@@H]2CCNC[C@H]2COc2ccc3c(c2)OCO3)cc1	1.0
CHEMBL4105829_6f6i_CHEMBL490	3.1870866433571443	Fc1ccc([C@@H]2CCNC[C@H]2COc2ccc3c(c2)OCO3)cc1	CHEMBL4079_5ukk_CHEMBL490	5.860120913598763	Fc1ccc([C@@H]2CCNC[C@H]2COc2ccc3c(c2)OCO3)cc1	1.0
CHEMBL4225_6fyk_CHEMBL1967887	8.0	Cc1n[nH]c2ccc(-c3cncc(OCCN)c3)cc12	CHEMBL2147_5dgz_CHEMBL1967887	6.599997654072044	Cc1n[nH]c2ccc(-c3cncc(OCCN)c3)cc12	1.0
CHEMBL4225_6fyk_CHEMBL1970903	8.500038134403809	Cc1n[nH]c2ccc(-c3cncc(OCC(N)Cc4c[nH]c5ccccc45)c3)cc12	CHEMBL2147_5dgz_CHEMBL1970903	8.100015437450608	Cc1n[nH]c2ccc(-c3cncc(OCC(N)Cc4c[nH]c5ccccc45)c3)cc12	1.0
CHEMBL4225_6fyk_CHEMBL379218	9.292429823902065	Cc1n[nH]c2ccc(-c3cncc(OC[C@@H](N)Cc4ccccc4)c3)cc12	CHEMBL2147_5dgz_CHEMBL2002726	7.0	Cc1n[nH]c2ccc(-c3cncc(OCC(N)Cc4ccccc4)c3)cc12	1.0
CHEMBL4225_6fyk_CHEMBL379218	9.292429823902065	Cc1n[nH]c2ccc(-c3cncc(OC[C@@H](N)Cc4ccccc4)c3)cc12	CHEMBL2147_5dgz_CHEMBL379218	6.7447274948966935	Cc1n[nH]c2ccc(-c3cncc(OC[C@@H](N)Cc4ccccc4)c3)cc12	1.0
CHEMBL4225_6fyl_CHEMBL1230165	8.397940008672037	O=C(O)c1ccc2c(c1)nc(Nc1cccc(Cl)c1)c1ccncc12	CHEMBL2147_5o11_CHEMBL1230165	5.907630300370879	O=C(O)c1ccc2c(c1)nc(Nc1cccc(Cl)c1)c1ccncc12	1.0
CHEMBL4225_6fyl_CHEMBL1230165	8.397940008672037	O=C(O)c1ccc2c(c1)nc(Nc1cccc(Cl)c1)c1ccncc12	CHEMBL3629_3pe1_CHEMBL1230165	9.250921944742199	O=C(O)c1ccc2c(c1)nc(Nc1cccc(Cl)c1)c1ccncc12	1.0
CHEMBL4226_6fyp_CHEMBL1230165	8.0	O=C(O)c1ccc2c(c1)nc(Nc1cccc(Cl)c1)c1ccncc12	CHEMBL2147_5o11_CHEMBL1230165	5.907630300370879	O=C(O)c1ccc2c(c1)nc(Nc1cccc(Cl)c1)c1ccncc12	1.0
CHEMBL4226_6fyp_CHEMBL1230165	8.0	O=C(O)c1ccc2c(c1)nc(Nc1cccc(Cl)c1)c1ccncc12	CHEMBL3629_3pe1_CHEMBL1230165	9.250921944742199	O=C(O)c1ccc2c(c1)nc(Nc1cccc(Cl)c1)c1ccncc12	1.0
CHEMBL4247_6mx8_CHEMBL3824246	9.096910013008056	COc1cc(N2CCC(N3CCN(C)CC3)CC2)ccc1Nc1ncc(Cl)c(Nc2ccccc2C(N)=O)n1	CHEMBL1981_3ekn_CHEMBL3824246	8.468521082957745	COc1cc(N2CCC(N3CCN(C)CC3)CC2)ccc1Nc1ncc(Cl)c(Nc2ccccc2C(N)=O)n1	1.0
CHEMBL4295910_5zfi_CHEMBL4127859	4.853871964321762	COc1cccc(Cl)c1CC1CN/C(=N\N(C)C)CN(CC(=O)Nc2cccc(-c3cnn(C)c3)c2)C1=O	CHEMBL2443_5y9l_CHEMBL4127859	4.9586073148417755	COc1cccc(Cl)c1CC1CN/C(=N\N(C)C)CN(CC(=O)Nc2cccc(-c3cnn(C)c3)c2)C1=O	1.0
CHEMBL4295910_5zfi_CHEMBL4128828	4.721246399047171	COc1cccc(C)c1CC1CN/C(=N\N(C)C)CN(CC(=O)Nc2cccc(-c3cnn(C)c3)c2)C1=O	CHEMBL2443_5y9l_CHEMBL4128828	4.886056647693163	COc1cccc(C)c1CC1CN/C(=N\N(C)C)CN(CC(=O)Nc2cccc(-c3cnn(C)c3)c2)C1=O	1.0
CHEMBL4355_5y7z_CHEMBL24828	7.0655015487564325	COc1cc2c(Nc3ccc(Br)cc3F)ncnc2cc1OCC1CCN(C)CC1	CHEMBL203_2ito_CHEMBL24828	8.022276394711152	COc1cc2c(Nc3ccc(Br)cc3F)ncnc2cc1OCC1CCN(C)CC1	1.0
CHEMBL4355_5y7z_CHEMBL24828	7.0655015487564325	COc1cc2c(Nc3ccc(Br)cc3F)ncnc2cc1OCC1CCN(C)CC1	CHEMBL203_2ito_CHEMBL533849	6.301029995663981	COc1cc2c(Nc3ccc(Br)cc3F)ncnc2cc1OCC1CCN(C)CC1	1.0
CHEMBL4355_5y7z_CHEMBL24828	7.0655015487564325	COc1cc2c(Nc3ccc(Br)cc3F)ncnc2cc1OCC1CCN(C)CC1	CHEMBL2041_2ivu_CHEMBL24828	7.468521082957745	COc1cc2c(Nc3ccc(Br)cc3F)ncnc2cc1OCC1CCN(C)CC1	1.0
CHEMBL4355_5y7z_CHEMBL24828	7.0655015487564325	COc1cc2c(Nc3ccc(Br)cc3F)ncnc2cc1OCC1CCN(C)CC1	CHEMBL260_1di9_CHEMBL24828	5.599999383023619	COc1cc2c(Nc3ccc(Br)cc3F)ncnc2cc1OCC1CCN(C)CC1	1.0
CHEMBL4355_5y7z_CHEMBL304929	8.167491087293763	C#Cc1cccc(Nc2ncnc3cc(OC)c(OC)cc23)c1	CHEMBL203_2itz_CHEMBL304929	9.259637310505756	C#Cc1cccc(Nc2ncnc3cc(OC)c(OC)cc23)c1	1.0
CHEMBL4355_5y7z_CHEMBL309682	8.0	COc1cc2ncnc(Nc3cc(OC)c(OC)c(OC)c3)c2cc1OC	CHEMBL203_3ug2_CHEMBL309682	7.657577319177793	COc1cc2ncnc(Nc3cc(OC)c(OC)c(OC)c3)c2cc1OC	1.0
CHEMBL4355_5y7z_CHEMBL309682	8.0	COc1cc2ncnc(Nc3cc(OC)c(OC)c(OC)c3)c2cc1OC	CHEMBL203_3ug2_CHEMBL543904	6.301029995663981	COc1cc2ncnc(Nc3cc(OC)c(OC)c(OC)c3)c2cc1OC	1.0
CHEMBL4355_5y7z_CHEMBL31965	7.0	C=CC(=O)Nc1cc2c(Nc3ccc(F)c(Cl)c3)ncnc2cc1OCCCN1CCOCC1	CHEMBL203_2itz_CHEMBL31965	9.657577319177793	C=CC(=O)Nc1cc2c(Nc3ccc(F)c(Cl)c3)ncnc2cc1OCCCN1CCOCC1	1.0
CHEMBL4355_5y7z_CHEMBL31965	7.0	C=CC(=O)Nc1cc2c(Nc3ccc(F)c(Cl)c3)ncnc2cc1OCCCN1CCOCC1	CHEMBL203_2itz_CHEMBL545315	8.610924374808178	C=CC(=O)Nc1cc2c(Nc3ccc(F)c(Cl)c3)ncnc2cc1OCCCN1CCOCC1	1.0
CHEMBL4355_5y7z_CHEMBL4468521	6.823908740944319	COCCOc1cc2ncnc(Nc3cc(OC)c(OC)c(OC)c3)c2cc1OCCOC	CHEMBL203_2itz_CHEMBL4468521	7.275724130399211	COCCOc1cc2ncnc(Nc3cc(OC)c(OC)c(OC)c3)c2cc1OCCOC	1.0
CHEMBL4355_5y7z_CHEMBL939	7.886056647693162	COc1cc2ncnc(Nc3ccc(F)c(Cl)c3)c2cc1OCCCN1CCOCC1	CHEMBL203_2itz_CHEMBL939	8.979303657420887	COc1cc2ncnc(Nc3ccc(F)c(Cl)c3)c2cc1OCCCN1CCOCC1	1.0
CHEMBL4355_5y7z_CHEMBL939	7.886056647693162	COc1cc2ncnc(Nc3ccc(F)c(Cl)c3)c2cc1OCCCN1CCOCC1	CHEMBL2041_5amn_CHEMBL939	5.769551078621726	COc1cc2ncnc(Nc3ccc(F)c(Cl)c3)c2cc1OCCCN1CCOCC1	1.0
CHEMBL4355_5y7z_CHEMBL939	7.886056647693162	COc1cc2ncnc(Nc3ccc(F)c(Cl)c3)c2cc1OCCCN1CCOCC1	CHEMBL5147_2vwu_CHEMBL939	5.6020599913279625	COc1cc2ncnc(Nc3ccc(F)c(Cl)c3)c2cc1OCCCN1CCOCC1	1.0
CHEMBL4355_5y80_CHEMBL29197	6.585026652029183	COc1cc2ncnc(Nc3cccc(Br)c3)c2cc1OC	CHEMBL203_2ity_CHEMBL1204168	9.18045606445813	COc1cc2ncnc(Nc3cccc(Br)c3)c2cc1OC	1.0
CHEMBL4355_5y80_CHEMBL29197	6.585026652029183	COc1cc2ncnc(Nc3cccc(Br)c3)c2cc1OC	CHEMBL203_2ity_CHEMBL29197	11.221848749616356	COc1cc2ncnc(Nc3cccc(Br)c3)c2cc1OC	1.0
CHEMBL4355_5y80_CHEMBL29197	6.585026652029183	COc1cc2ncnc(Nc3cccc(Br)c3)c2cc1OC	CHEMBL301_1di8_CHEMBL29197	3.6020599913279625	COc1cc2ncnc(Nc3cccc(Br)c3)c2cc1OC	1.0
CHEMBL4355_5y80_CHEMBL553	8.508638306165727	C#Cc1cccc(Nc2ncnc3cc(OCCOC)c(OCCOC)cc23)c1	CHEMBL203_2itz_CHEMBL1079742	7.154901959985742	C#Cc1cccc(Nc2ncnc3cc(OCCOC)c(OCCOC)cc23)c1	1.0
CHEMBL4355_5y80_CHEMBL553	8.508638306165727	C#Cc1cccc(Nc2ncnc3cc(OCCOC)c(OCCOC)cc23)c1	CHEMBL203_2itz_CHEMBL553	9.112741517135724	C#Cc1cccc(Nc2ncnc3cc(OCCOC)c(OCCOC)cc23)c1	1.0
CHEMBL4355_5y80_CHEMBL553	8.508638306165727	C#Cc1cccc(Nc2ncnc3cc(OCCOC)c(OCCOC)cc23)c1	CHEMBL2041_5amn_CHEMBL553	5.886056647693162	C#Cc1cccc(Nc2ncnc3cc(OCCOC)c(OCCOC)cc23)c1	1.0
CHEMBL4375_5xv7_CHEMBL1738797	6.709965388637482	CCc1cc2c(cc1N1CCC(N3CCOCC3)CC1)C(C)(C)c1[nH]c3cc(C#N)ccc3c1C2=O	CHEMBL4247_3aox_CHEMBL1738797	8.479876892471149	CCc1cc2c(cc1N1CCC(N3CCOCC3)CC1)C(C)(C)c1[nH]c3cc(C#N)ccc3c1C2=O	1.0
CHEMBL4375_5xv7_CHEMBL4468747	7.443697499232713	CCc1cc2c(cc1-c1cccc(S(=O)(=O)F)c1)C(C)(C)c1[nH]c3cc(C#N)ccc3c1C2=O	CHEMBL4247_3aox_CHEMBL4468747	7.9586073148417755	CCc1cc2c(cc1-c1cccc(S(=O)(=O)F)c1)C(C)(C)c1[nH]c3cc(C#N)ccc3c1C2=O	1.0
CHEMBL4531_5ody_CHEMBL3680813	6.6777807052660805	OCC1O[C@@H](S[C@@H]2CCCC(n3cc(-c4ccc(F)cc4)nn3)C2O)C(O)[C@@H](n2cc(-c3ccc(F)cc3)nn2)[C@H]1O	CHEMBL4915_4y24_CHEMBL3680813	5.920818753952375	OCC1O[C@@H](S[C@@H]2CCCC(n3cc(-c4ccc(F)cc4)nn3)C2O)C(O)[C@@H](n2cc(-c3ccc(F)cc3)nn2)[C@H]1O	1.0
CHEMBL4531_5ody_CHEMBL3680814	6.259637310505756	OCC1O[C@@H](S[C@@H]2CCCC(n3cc(-c4ccsc4)nn3)C2O)C(O)[C@@H](n2cc(-c3ccsc3)nn2)[C@H]1O	CHEMBL4915_4y24_CHEMBL3680814	6.455931955649724	OCC1O[C@@H](S[C@@H]2CCCC(n3cc(-c4ccsc4)nn3)C2O)C(O)[C@@H](n2cc(-c3ccsc3)nn2)[C@H]1O	1.0
CHEMBL4531_5ody_CHEMBL4077188	7.721246399047171	CCCCNC(=O)c1cn([C@@H]2[C@@H](O)[C@H](SS[C@@H]3O[C@H](CO)[C@H](O)[C@H](n4cc(-c5cc(F)c(F)c(F)c5)nn4)[C@H]3O)O[C@H](CO)[C@@H]2O)nn1	CHEMBL4915_4y24_CHEMBL4077188	4.200659450546418	CCCCNC(=O)c1cn([C@@H]2[C@@H](O)[C@H](SS[C@@H]3O[C@H](CO)[C@H](O)[C@H](n4cc(-c5cc(F)c(F)c(F)c5)nn4)[C@H]3O)O[C@H](CO)[C@@H]2O)nn1	1.0
CHEMBL4531_6eog_CHEMBL1254600	3.886056647693163	COc1cccc(-c2cn([C@@H]3[C@@H](O)[C@H](SC)O[C@H](CO)[C@@H]3O)nn2)c1	CHEMBL5008_5h9q_CHEMBL1254600	2.552841968657781	COc1cccc(-c2cn([C@@H]3[C@@H](O)[C@H](SC)O[C@H](CO)[C@@H]3O)nn2)c1	1.0
CHEMBL4531_6eog_CHEMBL4083889	5.055517327849831	Cc1ccc(S[C@@H]2O[C@H](CO)[C@H](O)[C@H](n3cc(-c4ccc(F)c(F)c4)nn3)[C@H]2O)cc1	CHEMBL4915_4y24_CHEMBL4083889	3.2757241303992117	Cc1ccc(S[C@@H]2O[C@H](CO)[C@H](O)[C@H](n3cc(-c4ccc(F)c(F)c4)nn3)[C@H]2O)cc1	1.0
CHEMBL4575_5y86_CHEMBL269538	6.096910013008057	COc1ccc2c(c1)[nH]c1c(C)nccc12	CHEMBL2292_3anr_CHEMBL269538	7.481486060122112	COc1ccc2c(c1)[nH]c1c(C)nccc12	1.0
CHEMBL4581_5zo8_CHEMBL399251	7.006123085058789	N[C@H](CSC(c1ccccc1)(c1ccccc1)c1ccccc1)C(=O)O	CHEMBL4581_3ken_CHEMBL392695	6.9694002780340485	N[C@@H](CSC(c1ccccc1)(c1ccccc1)c1ccccc1)C(=O)O	1.0
CHEMBL4581_5zo8_CHEMBL409295	5.698970004336019	Cc1ccc(C(SC[C@H](N)C(=O)O)(c2ccccc2)c2ccc(C)cc2)cc1	CHEMBL4581_3ken_CHEMBL429597	7.433230545814892	Cc1ccc(C(SC[C@H](N)C(=O)O)(c2ccccc2)c2ccccc2)cc1	1.0
CHEMBL4722_6hjj_CHEMBL1970879	6.699991797446188	COc1cc(-c2nn(C3CCC(N4CCN(C(C)=O)CC4)CC3)c3ncnc(N)c23)ccc1NC(=O)c1cc2ccccc2n1C	CHEMBL3234_2c0o_CHEMBL197603	5.9136401693252525	COc1cc(-c2nn([C@H]3CC[C@H](N4CCN(C(C)=O)CC4)CC3)c3ncnc(N)c23)ccc1NC(=O)c1cc2ccccc2n1C	1.0
CHEMBL4722_6hjk_CHEMBL1972584	8.100015437450608	CC(=O)N1CCN(C2CCC(n3nc(-c4ccc(NC(=O)c5cc6ccccc6n5C)cc4)c4c(N)ncnc43)CC2)CC1	CHEMBL203_5j9y_CHEMBL1972584	6.0999990348465305	CC(=O)N1CCN(C2CCC(n3nc(-c4ccc(NC(=O)c5cc6ccccc6n5C)cc4)c4c(N)ncnc43)CC2)CC1	1.0
CHEMBL4822_6fgy_CHEMBL3653419	7.2441251443275085	NC1=NC(CF)(c2cc(NC(=O)c3ccc(Cl)cn3)ccc2F)COC1	CHEMBL4822_5clm_CHEMBL3653417	7.585026652029183	NC1=N[C@](CF)(c2cc(NC(=O)c3ccc(Cl)cn3)ccc2F)COC1	1.0
CHEMBL4860_6gl8_CHEMBL4083870	6.853871964321763	Cc1cc(OCCCc2c3n(c4c(-c5c(C)nn(C)c5C)c(Cl)ccc24)CCCN(c2cccc4c(C(=O)O)cn(C)c24)C3=O)cc(C)c1Cl	CHEMBL4361_5vkc_CHEMBL4083870	8.795880017344075	Cc1cc(OCCCc2c3n(c4c(-c5c(C)nn(C)c5C)c(Cl)ccc24)CCCN(c2cccc4c(C(=O)O)cn(C)c24)C3=O)cc(C)c1Cl	1.0
CHEMBL4860_6gl8_CHEMBL4091647	6.356547323513813	Cc1cc(OCCCc2c3n(c4c(-c5c(C)nn(C)c5C)c(Cl)ccc24)CCCN(c2ccc(C(=O)O)c4ccn(C)c24)C3=O)cc(C)c1Cl	CHEMBL4361_5vkc_CHEMBL4091647	8.270303756120384	Cc1cc(OCCCc2c3n(c4c(-c5c(C)nn(C)c5C)c(Cl)ccc24)CCCN(c2ccc(C(=O)O)c4ccn(C)c24)C3=O)cc(C)c1Cl	1.0
CHEMBL4860_6gl8_CHEMBL4469869	5.886056647693162	Cc1cc(OCCCc2c3n(c4c(-c5c(C)nn(C)c5C)c(Cl)ccc24)[C@H](C)CN(c2cn(C)c4ccc(C(=O)O)cc24)C3=O)cc(C)c1Cl	CHEMBL4361_5vkc_CHEMBL4469869	9.990649750666881	Cc1cc(OCCCc2c3n(c4c(-c5c(C)nn(C)c5C)c(Cl)ccc24)[C@H](C)CN(c2cn(C)c4ccc(C(=O)O)cc24)C3=O)cc(C)c1Cl	1.0
CHEMBL4860_6gl8_CHEMBL4469869	5.886056647693162	Cc1cc(OCCCc2c3n(c4c(-c5c(C)nn(C)c5C)c(Cl)ccc24)[C@H](C)CN(c2cn(C)c4ccc(C(=O)O)cc24)C3=O)cc(C)c1Cl	CHEMBL4361_5vkc_CHEMBL4584487	8.505275091166654	Cc1cc(OCCCc2c3n(c4c(-c5c(C)nn(C)c5C)c(Cl)ccc24)[C@@H](C)CN(c2cn(C)c4ccc(C(=O)O)cc24)C3=O)cc(C)c1Cl	1.0
CHEMBL5023_6ggn_CHEMBL3653221	8.446116973356126	COc1ncc(-c2nc3c(n2C(C)C)C(c2ccc(Cl)cc2)N(c2cc(Cl)c(=O)n(C)c2)C3=O)c(OC)n1	CHEMBL5023_3w69_CHEMBL3657108	6.9019449603307566	COc1ncc(-c2nc3c(n2C(C)C)[C@@H](c2ccc(Cl)cc2)N(c2cc(Cl)c(=O)n(C)c2)C3=O)c(OC)n1	1.0
CHEMBL5023_6ggn_CHEMBL3653245	10.397940008672037	COc1ccc(CO)cc1-c1nc2c(n1C(C)C)[C@H](c1ccc(Cl)cc1C)N(c1cc(Cl)ccc1C)C2=O	CHEMBL5023_5lay_CHEMBL3653174	9.853871964321762	COc1ccc(CO)cc1-c1nc2c(n1C(C)C)C(c1ccc(Cl)cc1C)N(c1cc(Cl)ccc1C)C2=O	1.0
CHEMBL5023_6ggn_CHEMBL3653246	8.958607314841776	COc1ccc(CO)cc1-c1nc2c(n1C(C)C)[C@@H](c1ccc(Cl)cc1C)N(c1cc(Cl)ccc1C)C2=O	CHEMBL5023_5lay_CHEMBL3653174	9.853871964321762	COc1ccc(CO)cc1-c1nc2c(n1C(C)C)C(c1ccc(Cl)cc1C)N(c1cc(Cl)ccc1C)C2=O	1.0
CHEMBL5023_6ggn_CHEMBL3653294	9.443697499232712	COc1nc(N)ncc1-c1nc2c(n1C(C)C)[C@H](c1ccc(C#N)cc1)N(c1cccc(Cl)c1F)C2=O	CHEMBL5023_5lay_CHEMBL3653295	6.9763360818022075	COc1nc(N)ncc1-c1nc2c(n1C(C)C)[C@@H](c1ccc(C#N)cc1)N(c1cccc(Cl)c1F)C2=O	1.0
CHEMBL5023_6ggn_CHEMBL3653301	8.7594507517174	COc1ncc(-c2nc3c(n2[C@@H](C)CO)C(c2ccc(Cl)cc2)N(c2cc(Cl)ccc2C)C3=O)c(OC)n1	CHEMBL5023_3w69_CHEMBL3653271	10.045757490560677	COc1ncc(-c2nc3c(n2[C@H](C)CO)C(c2ccc(Cl)cc2)N(c2cc(Cl)ccc2C)C3=O)c(OC)n1	1.0
CHEMBL5023_6ggn_CHEMBL3656986	9.958607314841776	COc1ncc(-c2nc3c(n2C(C)C)[C@H](c2ccc(Cl)cc2)N(c2cc(Cl)ccc2C)C3=O)c(OC)n1	CHEMBL5023_3w69_CHEMBL3653183	9.863279432843592	COc1ncc(-c2nc3c(n2C(C)C)C(c2ccc(Cl)cc2)N(c2cc(Cl)ccc2C)C3=O)c(OC)n1	1.0
CHEMBL5023_6ggn_CHEMBL3656986	9.958607314841776	COc1ncc(-c2nc3c(n2C(C)C)[C@H](c2ccc(Cl)cc2)N(c2cc(Cl)ccc2C)C3=O)c(OC)n1	CHEMBL5023_3w69_CHEMBL3656985	7.801342913045577	COc1ncc(-c2nc3c(n2C(C)C)[C@@H](c2ccc(Cl)cc2)N(c2cc(Cl)ccc2C)C3=O)c(OC)n1	1.0
CHEMBL5023_6ggn_CHEMBL3657037	8.268411234813259	COc1ccc(C(=O)NC(C)C)cc1-c1nc2c(n1C(C)C)[C@@H](c1ccc(Cl)cc1C)N(c1cc(Cl)ccc1C)C2=O	CHEMBL5023_3w69_CHEMBL3653169	9.82390874094432	COc1ccc(C(=O)NC(C)C)cc1-c1nc2c(n1C(C)C)C(c1ccc(Cl)cc1C)N(c1cc(Cl)ccc1C)C2=O	1.0
CHEMBL5023_6ggn_CHEMBL3657037	8.268411234813259	COc1ccc(C(=O)NC(C)C)cc1-c1nc2c(n1C(C)C)[C@@H](c1ccc(Cl)cc1C)N(c1cc(Cl)ccc1C)C2=O	CHEMBL5023_3w69_CHEMBL3657038	10.096910013008056	COc1ccc(C(=O)NC(C)C)cc1-c1nc2c(n1C(C)C)[C@H](c1ccc(Cl)cc1C)N(c1cc(Cl)ccc1C)C2=O	1.0
CHEMBL5023_6ggn_CHEMBL3657107	9.906578314837763	COc1ncc(-c2nc3c(n2C(C)C)[C@H](c2ccc(Cl)cc2)N(c2cc(Cl)c(=O)n(C)c2)C3=O)c(OC)n1	CHEMBL5023_3w69_CHEMBL3657108	6.9019449603307566	COc1ncc(-c2nc3c(n2C(C)C)[C@@H](c2ccc(Cl)cc2)N(c2cc(Cl)c(=O)n(C)c2)C3=O)c(OC)n1	1.0
CHEMBL5023_6ggn_CHEMBL3691746	9.602059991327963	COc1nc(N(C)C)ncc1-n1nc2c(c1C(C)C)C(c1ccc(C#N)cc1)N(c1cc(Cl)c(=O)n(C)c1)C2=O	CHEMBL5023_5trf_CHEMBL3691775	7.643974142806878	COc1nc(N(C)C)ncc1-n1nc2c(c1C(C)C)[C@@H](c1ccc(C#N)cc1)N(c1cc(Cl)c(=O)n(C)c1)C2=O	1.0
CHEMBL5023_6ggn_CHEMBL3691774	9.920818753952377	COc1nc(N(C)C)ncc1-n1nc2c(c1C(C)C)[C@H](c1ccc(C#N)cc1)N(c1cc(Cl)c(=O)n(C)c1)C2=O	CHEMBL5023_5trf_CHEMBL3691775	7.643974142806878	COc1nc(N(C)C)ncc1-n1nc2c(c1C(C)C)[C@@H](c1ccc(C#N)cc1)N(c1cc(Cl)c(=O)n(C)c1)C2=O	1.0
CHEMBL5023_6i3s_CHEMBL3653320	9.0	COCCOc1ncc(Cl)cc1-c1nc(-c2noc(=O)[nH]2)cc2nc(N3CCO[C@@H]4CCC[C@H]43)n(C[C@H]3CC[C@H](C)CC3)c12	CHEMBL5023_3w69_CHEMBL3653321	7.67778070526608	COCCOc1ncc(Cl)cc1-c1nc(-c2noc(=O)[nH]2)cc2nc(N3CCO[C@H]4CCC[C@@H]43)n(C[C@H]3CC[C@H](C)CC3)c12	1.0
CHEMBL5023_6i3s_CHEMBL3657115	7.387746093903563	COc1ncc(-c2nc3c(n2[C@H](C)CO)[C@@H](c2ccc(Cl)cc2)N(c2cccc(Cl)c2F)C3=O)c(OC)n1	CHEMBL5023_5lay_CHEMBL3657116	9.970616222314789	COc1ncc(-c2nc3c(n2[C@H](C)CO)[C@H](c2ccc(Cl)cc2)N(c2cccc(Cl)c2F)C3=O)c(OC)n1	1.0
CHEMBL5023_6i3s_CHEMBL4113308	6.889410289700751	CC1CCC(Cn2c(N3CCO[C@@H]4CN(Cc5ccccc5)CC[C@H]43)nc3cc(-c4noc(=O)[nH]4)nc(-c4cncc(Cl)c4)c32)CC1	CHEMBL5023_4mdn_CHEMBL3654190	6.889410289700751	C[C@H]1CC[C@H](Cn2c(N3CCO[C@@H]4CN(Cc5ccccc5)CC[C@H]43)nc3cc(-c4noc(=O)[nH]4)nc(-c4cncc(Cl)c4)c32)CC1	1.0
CHEMBL5284_6cmj_CHEMBL550110	7.700057099977232	CCc1cc(-c2c[nH]c3ncc(-c4ccccc4)cc23)ccc1C(=O)O	CHEMBL2343_3hdm_CHEMBL550110	6.923855827808473	CCc1cc(-c2c[nH]c3ncc(-c4ccccc4)cc23)ccc1C(=O)O	1.0
CHEMBL5284_6cmj_CHEMBL550795	6.699991797446188	O=C(O)c1ccc(-c2c[nH]c3ncc(-c4ccccc4)cc23)cc1	CHEMBL2343_3hdm_CHEMBL550795	6.641998328182599	O=C(O)c1ccc(-c2c[nH]c3ncc(-c4ccccc4)cc23)cc1	1.0
CHEMBL5284_6cmj_CHEMBL558642	8.100015437450608	O=C(O)c1ccc(-c2c[nH]c3ncc(-c4ccccc4)cc23)cc1C1CCCC1	CHEMBL2343_3hdm_CHEMBL558642	7.886056647693162	O=C(O)c1ccc(-c2c[nH]c3ncc(-c4ccccc4)cc23)cc1C1CCCC1	1.0
CHEMBL5284_6cmj_CHEMBL564555	7.599980364934843	CC(C)Cc1cc(-c2c[nH]c3ncc(-c4ccccc4)cc23)ccc1C(=O)O	CHEMBL2343_3hdm_CHEMBL564555	7.268801001050522	CC(C)Cc1cc(-c2c[nH]c3ncc(-c4ccccc4)cc23)ccc1C(=O)O	1.0
CHEMBL5284_6cmj_CHEMBL564824	5.899998417198647	COC(=O)c1ccc(-c2c[nH]c3ncc(-c4ccccc4)cc23)cc1	CHEMBL2343_3hdm_CHEMBL564824	5.5003129173815966	COC(=O)c1ccc(-c2c[nH]c3ncc(-c4ccccc4)cc23)cc1	1.0
CHEMBL5285_5vio_CHEMBL3890544	7.299988937677887	CC[C@@H](C)n1cnnc1-c1cccc(N2Cc3ccccc3C2=O)n1	CHEMBL5285_5uor_CHEMBL3943495	7.700057099977232	CC[C@H](C)n1cnnc1-c1cccc(N2Cc3ccccc3C2=O)n1	1.0
CHEMBL5285_5vio_CHEMBL3962015	8.0	C[C@H](CO)n1cnnc1-c1cccc(N2Cc3ccccc3C2=O)n1	CHEMBL5285_5uor_CHEMBL3934521	7.500038134403809	C[C@@H](CO)n1cnnc1-c1cccc(N2Cc3ccccc3C2=O)n1	1.0
CHEMBL5747_5w0l_CHEMBL4061600	8.142835120127382	CC(=O)N1CCc2c(c(N3CCCc4cc(-c5cnn(C)c5)c(C(F)F)cc43)nn2[C@H]2CCOC2)C1	CHEMBL1163125_5ku3_CHEMBL4061600	5.251811972993798	CC(=O)N1CCc2c(c(N3CCCc4cc(-c5cnn(C)c5)c(C(F)F)cc43)nn2[C@H]2CCOC2)C1	1.0
CHEMBL6031_5ttg_CHEMBL1231795	7.721246399047171	COc1cc2c(NC3CCN(C(C)C)CC3)nc(C3CCCCC3)nc2cc1OCCCN1CCCC1	CHEMBL6032_3rjw_CHEMBL1231795	5.847711655616942	COc1cc2c(NC3CCN(C(C)C)CC3)nc(C3CCCCC3)nc2cc1OCCCN1CCCC1	1.0
CHEMBL6031_5ttg_CHEMBL1231795	7.721246399047171	COc1cc2c(NC3CCN(C(C)C)CC3)nc(C3CCCCC3)nc2cc1OCCCN1CCCC1	CHEMBL6032_3rjw_CHEMBL1829302	6.771816983435477	COc1cc2c(NC3CCN(C(C)C)CC3)nc(C3CCCCC3)nc2cc1OCCCN1CCCCC1	1.0
CHEMBL6031_5ttg_CHEMBL2441082	8.602059991327963	COc1cc2c(NC3CCN(C(C)C)CC3)nc(N3CCC(F)(F)CC3)nc2cc1OCCCN1CCCC1	CHEMBL6032_5vse_CHEMBL2441082	8.431798275933005	COc1cc2c(NC3CCN(C(C)C)CC3)nc(N3CCC(F)(F)CC3)nc2cc1OCCCN1CCCC1	1.0
CHEMBL6031_5ttg_CHEMBL4062510	6.092588639225414	COc1cc2nc(N3CCOCC3)nc(NC3CCN(C)CC3)c2cc1C	CHEMBL6032_5vse_CHEMBL4062510	5.3904055907747805	COc1cc2nc(N3CCOCC3)nc(NC3CCN(C)CC3)c2cc1C	1.0
CHEMBL6031_5ttg_CHEMBL4063569	7.920818753952375	COc1cc2nc(N3CCCC3)nc(NC3CCN(C)CC3)c2cc1OC	CHEMBL6032_5vsc_CHEMBL4063569	6.5044556624535526	COc1cc2nc(N3CCCC3)nc(NC3CCN(C)CC3)c2cc1OC	1.0
CHEMBL6031_5ttg_CHEMBL4063767	7.698970004336019	CCCN(CC)c1nc(NC2CCN(C)CC2)c2cc(OC)c(OC)cc2n1	CHEMBL6032_5tuy_CHEMBL4063767	6.317854923626168	CCCN(CC)c1nc(NC2CCN(C)CC2)c2cc(OC)c(OC)cc2n1	1.0
CHEMBL6031_5ttg_CHEMBL4063977	7.585026652029183	CCN1CCC(Nc2nc(N3CCOCC3)nc3cc(OC)c(OC)cc23)CC1	CHEMBL6032_5vse_CHEMBL4063977	6.490797477668897	CCN1CCC(Nc2nc(N3CCOCC3)nc3cc(OC)c(OC)cc23)CC1	1.0
CHEMBL6031_5ttg_CHEMBL4066625	7.356547323513813	CCCCCCCNc1nc(NC2CCN(C)CC2)c2cc(OC)c(OC)cc2n1	CHEMBL6032_5tuy_CHEMBL4066625	6.121478204498794	CCCCCCCNc1nc(NC2CCN(C)CC2)c2cc(OC)c(OC)cc2n1	1.0
CHEMBL6031_5ttg_CHEMBL4066625	7.356547323513813	CCCCCCCNc1nc(NC2CCN(C)CC2)c2cc(OC)c(OC)cc2n1	CHEMBL6032_5vse_CHEMBL4086403	6.214670164989233	CCCCCCNc1nc(NC2CCN(C)CC2)c2cc(OC)c(OC)cc2n1	1.0
CHEMBL6031_5ttg_CHEMBL4066625	7.356547323513813	CCCCCCCNc1nc(NC2CCN(C)CC2)c2cc(OC)c(OC)cc2n1	CHEMBL6032_5vse_CHEMBL4104299	6.467245621007503	CCCCCNc1nc(NC2CCN(C)CC2)c2cc(OC)c(OC)cc2n1	1.0
CHEMBL6031_5ttg_CHEMBL4067656	7.468521082957745	COc1cc2nc(C3CCCCC3)nc(NC3CCN(C)CC3)c2cc1OC	CHEMBL6032_5vse_CHEMBL4067656	6.358525889495901	COc1cc2nc(C3CCCCC3)nc(NC3CCN(C)CC3)c2cc1OC	1.0
CHEMBL6031_5ttg_CHEMBL4068291	7.698970004336019	COc1cc2nc(N(C)CC3CCCCC3)nc(NC3CCN(C)CC3)c2cc1OC	CHEMBL6032_5vse_CHEMBL4068291	6.274088367704952	COc1cc2nc(N(C)CC3CCCCC3)nc(NC3CCN(C)CC3)c2cc1OC	1.0
CHEMBL6031_5ttg_CHEMBL4069640	7.698970004336019	COc1cc2nc(N(C)CCO)nc(NC3CCN(C)CC3)c2cc1OC	CHEMBL6032_5vsc_CHEMBL4069640	6.549750891680639	COc1cc2nc(N(C)CCO)nc(NC3CCN(C)CC3)c2cc1OC	1.0
CHEMBL6031_5ttg_CHEMBL4072569	7.823908740944319	COc1cc2nc(N3CCOCC3)nc(NC3CCN(C(C)C)CC3)c2cc1OC	CHEMBL6032_5vse_CHEMBL4072569	6.581698708680254	COc1cc2nc(N3CCOCC3)nc(NC3CCN(C(C)C)CC3)c2cc1OC	1.0
CHEMBL6031_5ttg_CHEMBL4074209	7.769551078621726	COc1cc2nc(N(C)C3CCC3)nc(NC3CCN(C)CC3)c2cc1OC	CHEMBL6032_5vse_CHEMBL4074209	6.448550002027125	COc1cc2nc(N(C)C3CCC3)nc(NC3CCN(C)CC3)c2cc1OC	1.0
CHEMBL6031_5ttg_CHEMBL4075387	7.619788758288393	COc1cc2nc(N(C)CCN(C)C)nc(NC3CCN(C)CC3)c2cc1OC	CHEMBL6032_5vse_CHEMBL4075387	6.82102305270683	COc1cc2nc(N(C)CCN(C)C)nc(NC3CCN(C)CC3)c2cc1OC	1.0
CHEMBL6031_5ttg_CHEMBL4076634	6.8696662315049934	COCCNc1nc(NC2CCN(C)CC2)c2cc(OC)c(OC)cc2n1	CHEMBL6032_5tuy_CHEMBL4076634	5.800793520838343	COCCNc1nc(NC2CCN(C)CC2)c2cc(OC)c(OC)cc2n1	1.0
CHEMBL6031_5ttg_CHEMBL4078544	7.455931955649724	CCCCNc1nc(NC2CCN(C)CC2)c2cc(OC)c(OC)cc2n1	CHEMBL6032_5tuy_CHEMBL4078544	6.360513510731415	CCCCNc1nc(NC2CCN(C)CC2)c2cc(OC)c(OC)cc2n1	1.0
CHEMBL6031_5ttg_CHEMBL4079262	7.013228265733755	COc1cc2nc(N3CCC(F)(F)CC3)nc(NC3CCN(C)CC3)c2cc1OC	CHEMBL6032_5vse_CHEMBL4079262	5.9746941347352305	COc1cc2nc(N3CCC(F)(F)CC3)nc(NC3CCN(C)CC3)c2cc1OC	1.0
CHEMBL6031_5ttg_CHEMBL4080189	7.229147988357855	COc1cc2nc(NCCCCCCO)nc(NC3CCN(C)CC3)c2cc1OC	CHEMBL6032_5vse_CHEMBL4080189	6.103473782510445	COc1cc2nc(NCCCCCCO)nc(NC3CCN(C)CC3)c2cc1OC	1.0
CHEMBL6031_5ttg_CHEMBL4081938	7.744727494896692	CCCCCCN(C)c1nc(NC2CCN(C)CC2)c2cc(OC)c(OC)cc2n1	CHEMBL6032_5tuy_CHEMBL4081938	6.507239610973163	CCCCCCN(C)c1nc(NC2CCN(C)CC2)c2cc(OC)c(OC)cc2n1	1.0
CHEMBL6031_5ttg_CHEMBL4081938	7.744727494896692	CCCCCCN(C)c1nc(NC2CCN(C)CC2)c2cc(OC)c(OC)cc2n1	CHEMBL6032_5vse_CHEMBL4099939	6.51427857351842	CCCCCN(C)c1nc(NC2CCN(C)CC2)c2cc(OC)c(OC)cc2n1	1.0
CHEMBL6031_5ttg_CHEMBL4082847	7.236572006437062	COCCN(C)c1nc(NC2CCN(C)CC2)c2cc(OC)c(OC)cc2n1	CHEMBL6032_5vsc_CHEMBL4082847	5.787812395596043	COCCN(C)c1nc(NC2CCN(C)CC2)c2cc(OC)c(OC)cc2n1	1.0
CHEMBL6031_5ttg_CHEMBL4083783	7.113509274827518	COc1cc2nc(NC3CCCCC3)nc(NC3CCN(C)CC3)c2cc1OC	CHEMBL6032_5tuy_CHEMBL4083783	6.0195421077239	COc1cc2nc(NC3CCCCC3)nc(NC3CCN(C)CC3)c2cc1OC	1.0
CHEMBL6031_5ttg_CHEMBL4084508	7.744727494896692	COc1cc2nc(N(C)C(C)C)nc(NC3CCN(C)CC3)c2cc1OC	CHEMBL6032_5vse_CHEMBL4084508	6.497572880015568	COc1cc2nc(N(C)C(C)C)nc(NC3CCN(C)CC3)c2cc1OC	1.0
CHEMBL6031_5ttg_CHEMBL4085546	7.9586073148417755	CCCN1CCC(Nc2nc(N3CCOCC3)nc3cc(OC)c(OC)cc23)CC1	CHEMBL6032_5vse_CHEMBL4085546	6.649751981665838	CCCN1CCC(Nc2nc(N3CCOCC3)nc3cc(OC)c(OC)cc23)CC1	1.0
CHEMBL6031_5ttg_CHEMBL4086403	7.337242168318426	CCCCCCNc1nc(NC2CCN(C)CC2)c2cc(OC)c(OC)cc2n1	CHEMBL6032_5tuy_CHEMBL4066625	6.121478204498794	CCCCCCCNc1nc(NC2CCN(C)CC2)c2cc(OC)c(OC)cc2n1	1.0
CHEMBL6031_5ttg_CHEMBL4086403	7.337242168318426	CCCCCCNc1nc(NC2CCN(C)CC2)c2cc(OC)c(OC)cc2n1	CHEMBL6032_5vse_CHEMBL4086403	6.214670164989233	CCCCCCNc1nc(NC2CCN(C)CC2)c2cc(OC)c(OC)cc2n1	1.0
CHEMBL6031_5ttg_CHEMBL4086403	7.337242168318426	CCCCCCNc1nc(NC2CCN(C)CC2)c2cc(OC)c(OC)cc2n1	CHEMBL6032_5vse_CHEMBL4104299	6.467245621007503	CCCCCNc1nc(NC2CCN(C)CC2)c2cc(OC)c(OC)cc2n1	1.0
CHEMBL6031_5ttg_CHEMBL4090494	5.910094888560603	COc1cc2nc(N3CCOCC3)nc(NC3CCN(C)CC3)c2cc1F	CHEMBL6032_5vse_CHEMBL4090494	5.4329736338409385	COc1cc2nc(N3CCOCC3)nc(NC3CCN(C)CC3)c2cc1F	1.0
CHEMBL6031_5ttg_CHEMBL4090654	7.337242168318426	COc1cc2nc(N(C)Cc3ccccc3)nc(NC3CCN(C)CC3)c2cc1OC	CHEMBL6032_5vse_CHEMBL4090654	6.272458742971443	COc1cc2nc(N(C)Cc3ccccc3)nc(NC3CCN(C)CC3)c2cc1OC	1.0
CHEMBL6031_5ttg_CHEMBL4092251	7.366531544420414	COc1cc2nc(N(C)c3ccccc3)nc(NC3CCN(C)CC3)c2cc1OC	CHEMBL6032_5vse_CHEMBL4092251	6.140261433802853	COc1cc2nc(N(C)c3ccccc3)nc(NC3CCN(C)CC3)c2cc1OC	1.0
CHEMBL6031_5ttg_CHEMBL4092930	7.5376020021010435	COc1cc2c(NC3CCN(C)CC3)nc(N3CCOCC3)nc2cc1C	CHEMBL6032_5vse_CHEMBL4092930	5.939302159646387	COc1cc2c(NC3CCN(C)CC3)nc(N3CCOCC3)nc2cc1C	1.0
CHEMBL6031_5ttg_CHEMBL4092975	7.744727494896692	CCN(C)c1nc(NC2CCN(C)CC2)c2cc(OC)c(OC)cc2n1	CHEMBL6032_5vsc_CHEMBL4092975	6.332547047110047	CCN(C)c1nc(NC2CCN(C)CC2)c2cc(OC)c(OC)cc2n1	1.0
CHEMBL6031_5ttg_CHEMBL4093293	7.920818753952375	COc1cc2nc(N3CCOCC3)nc(NC3CCN(C4CC4)CC3)c2cc1OC	CHEMBL6032_5vse_CHEMBL4093293	6.5044556624535526	COc1cc2nc(N3CCOCC3)nc(NC3CCN(C4CC4)CC3)c2cc1OC	1.0
CHEMBL6031_5ttg_CHEMBL4094167	7.455931955649724	CCCCN(C)c1nc(NC2CCN(C)CC2)c2cc(OC)c(OC)cc2n1	CHEMBL6032_5vsc_CHEMBL4094167	6.3904055907747805	CCCCN(C)c1nc(NC2CCN(C)CC2)c2cc(OC)c(OC)cc2n1	1.0
CHEMBL6031_5ttg_CHEMBL4094717	7.0268721464003026	COc1cc2nc(N(C)C3CCCC3)nc(NC3CCN(C)CC3)c2cc1OC	CHEMBL6032_5vse_CHEMBL4094717	5.97061622231479	COc1cc2nc(N(C)C3CCCC3)nc(NC3CCN(C)CC3)c2cc1OC	1.0
CHEMBL6031_5ttg_CHEMBL4095652	7.301029995663981	COc1cc2nc(N(C)CC(C)(C)C)nc(NC3CCN(C)CC3)c2cc1OC	CHEMBL6032_5vse_CHEMBL4095652	6.139063379299906	COc1cc2nc(N(C)CC(C)(C)C)nc(NC3CCN(C)CC3)c2cc1OC	1.0
CHEMBL6031_5ttg_CHEMBL4096568	6.467245621007503	COc1cc2nc(C3CCOCC3)nc(NC3CCN(C)CC3)c2cc1OC	CHEMBL6032_5vse_CHEMBL4096568	5.718966632752272	COc1cc2nc(C3CCOCC3)nc(NC3CCN(C)CC3)c2cc1OC	1.0
CHEMBL6031_5ttg_CHEMBL4097286	7.795880017344076	COc1cc2nc(N3CCCCCC3)nc(NC3CCN(C)CC3)c2cc1OC	CHEMBL6032_5vsc_CHEMBL4097286	6.721246399047171	COc1cc2nc(N3CCCCCC3)nc(NC3CCN(C)CC3)c2cc1OC	1.0
CHEMBL6031_5ttg_CHEMBL4097286	7.795880017344076	COc1cc2nc(N3CCCCCC3)nc(NC3CCN(C)CC3)c2cc1OC	CHEMBL6032_5vse_CHEMBL570120	6.24402491481225	COc1cc2nc(N3CCCCC3)nc(NC3CCN(C)CC3)c2cc1OC	1.0
CHEMBL6031_5ttg_CHEMBL4099939	7.552841968657781	CCCCCN(C)c1nc(NC2CCN(C)CC2)c2cc(OC)c(OC)cc2n1	CHEMBL6032_5tuy_CHEMBL4081938	6.507239610973163	CCCCCCN(C)c1nc(NC2CCN(C)CC2)c2cc(OC)c(OC)cc2n1	1.0
CHEMBL6031_5ttg_CHEMBL4099939	7.552841968657781	CCCCCN(C)c1nc(NC2CCN(C)CC2)c2cc(OC)c(OC)cc2n1	CHEMBL6032_5vse_CHEMBL4099939	6.51427857351842	CCCCCN(C)c1nc(NC2CCN(C)CC2)c2cc(OC)c(OC)cc2n1	1.0
CHEMBL6031_5ttg_CHEMBL4101782	7.443697499232713	CCCCN(CCC)c1nc(NC2CCN(C)CC2)c2cc(OC)c(OC)cc2n1	CHEMBL6032_5vse_CHEMBL4101782	6.3535962737769305	CCCCN(CCC)c1nc(NC2CCN(C)CC2)c2cc(OC)c(OC)cc2n1	1.0
CHEMBL6031_5ttg_CHEMBL4102467	7.522878745280337	COc1cc2nc(N(C)C3CC3)nc(NC3CCN(C)CC3)c2cc1OC	CHEMBL6032_5vse_CHEMBL4102467	6.259637310505756	COc1cc2nc(N(C)C3CC3)nc(NC3CCN(C)CC3)c2cc1OC	1.0
CHEMBL6031_5ttg_CHEMBL4104299	7.200659450546419	CCCCCNc1nc(NC2CCN(C)CC2)c2cc(OC)c(OC)cc2n1	CHEMBL6032_5tuy_CHEMBL4066625	6.121478204498794	CCCCCCCNc1nc(NC2CCN(C)CC2)c2cc(OC)c(OC)cc2n1	1.0
CHEMBL6031_5ttg_CHEMBL4104299	7.200659450546419	CCCCCNc1nc(NC2CCN(C)CC2)c2cc(OC)c(OC)cc2n1	CHEMBL6032_5vse_CHEMBL4086403	6.214670164989233	CCCCCCNc1nc(NC2CCN(C)CC2)c2cc(OC)c(OC)cc2n1	1.0
CHEMBL6031_5ttg_CHEMBL4104299	7.200659450546419	CCCCCNc1nc(NC2CCN(C)CC2)c2cc(OC)c(OC)cc2n1	CHEMBL6032_5vse_CHEMBL4104299	6.467245621007503	CCCCCNc1nc(NC2CCN(C)CC2)c2cc(OC)c(OC)cc2n1	1.0
CHEMBL6031_5ttg_CHEMBL4104425	7.568636235841013	COc1cc2nc(NCCCCC(C)C)nc(NC3CCN(C)CC3)c2cc1OC	CHEMBL6032_5vse_CHEMBL4104425	6.501689446210398	COc1cc2nc(NCCCCC(C)C)nc(NC3CCN(C)CC3)c2cc1OC	1.0
CHEMBL6031_5ttg_CHEMBL4105129	7.638272163982407	CCCCN(CC)c1nc(NC2CCN(C)CC2)c2cc(OC)c(OC)cc2n1	CHEMBL6032_5tuy_CHEMBL4105129	6.29413628771608	CCCCN(CC)c1nc(NC2CCN(C)CC2)c2cc(OC)c(OC)cc2n1	1.0
CHEMBL6031_5ttg_CHEMBL4449387	6.522878745280337	COc1cc2c(NC3CCN(C)CC3)nc(N3CCCN(C)CC3)nc2cc1NC(=O)NCCCN	CHEMBL6032_3k5k_CHEMBL4449387	6.188424994129408	COc1cc2c(NC3CCN(C)CC3)nc(N3CCCN(C)CC3)nc2cc1NC(=O)NCCCN	1.0
CHEMBL6031_5ttg_CHEMBL4450948	5.966576244513051	COc1cc2c(NC3CCN(C)CC3)nc(N3CCCN(C)CC3)nc2cc1CCCN	CHEMBL6032_5vse_CHEMBL4450948	5.446116973356125	COc1cc2c(NC3CCN(C)CC3)nc(N3CCCN(C)CC3)nc2cc1CCCN	1.0
CHEMBL6031_5ttg_CHEMBL4454215	6.552841968657781	CCCc1cc2nc(N3CCCN(C)CC3)nc(NC3CCN(C)CC3)c2cc1OC	CHEMBL6032_5vse_CHEMBL4454215	5.721246399047171	CCCc1cc2nc(N3CCCN(C)CC3)nc(NC3CCN(C)CC3)c2cc1OC	1.0
CHEMBL6031_5ttg_CHEMBL4461224	8.045757490560675	COc1cc2c(NC3CCN(C)CC3)nc(N3CCCN(C)CC3)nc2cc1CCCN(C)C	CHEMBL6032_5vse_CHEMBL4461224	7.823908740944319	COc1cc2c(NC3CCN(C)CC3)nc(N3CCCN(C)CC3)nc2cc1CCCN(C)C	1.0
CHEMBL6031_5ttg_CHEMBL4464846	7.920818753952375	COc1cc2c(NC3CCN(C)CC3)nc(N3CCCN(C)CC3)nc2cc1CCCN(C)CCO	CHEMBL6032_5vse_CHEMBL4464846	7.522878745280337	COc1cc2c(NC3CCN(C)CC3)nc(N3CCCN(C)CC3)nc2cc1CCCN(C)CCO	1.0
CHEMBL6031_5ttg_CHEMBL4467219	8.045757490560675	COc1cc2c(NC3CCN(C)CC3)nc(N3CCCN(C)CC3)nc2cc1CCCN1CCCC1	CHEMBL6032_5vse_CHEMBL4467219	7.67778070526608	COc1cc2c(NC3CCN(C)CC3)nc(N3CCCN(C)CC3)nc2cc1CCCN1CCCC1	1.0
CHEMBL6031_5ttg_CHEMBL4472965	6.168130225719497	COc1cc2c(NC3CCN(C)CC3)nc(N3CCCN(C)CC3)nc2cc1C#CCN	CHEMBL6032_5vse_CHEMBL4472965	5.519993057042849	COc1cc2c(NC3CCN(C)CC3)nc(N3CCCN(C)CC3)nc2cc1C#CCN	1.0
CHEMBL6031_5ttg_CHEMBL4474688	7.327902142064282	COc1cc2c(NC3CCN(C)CC3)nc(N3CCCN(C)CC3)nc2cc1C#CCCN	CHEMBL6032_5vse_CHEMBL4474688	6.97061622231479	COc1cc2c(NC3CCN(C)CC3)nc(N3CCCN(C)CC3)nc2cc1C#CCCN	1.0
CHEMBL6031_5ttg_CHEMBL4521601	6.192464971931146	COc1cc2c(NC3CCN(C)CC3)nc(N3CCCN(C)CC3)nc2cc1C(N)=O	CHEMBL6032_5vse_CHEMBL4521601	5.787812395596043	COc1cc2c(NC3CCN(C)CC3)nc(N3CCCN(C)CC3)nc2cc1C(N)=O	1.0
CHEMBL6031_5ttg_CHEMBL4555461	7.455931955649724	CCc1cc2nc(N3CCCN(C)CC3)nc(NC3CCN(C)CC3)c2cc1OC	CHEMBL6032_5vse_CHEMBL4555461	6.130768280269023	CCc1cc2nc(N3CCCN(C)CC3)nc(NC3CCN(C)CC3)c2cc1OC	1.0
CHEMBL6031_5ttg_CHEMBL4558425	6.9136401693252525	COc1cc2c(NC3CCN(C)CC3)nc(N3CCCN(C)CC3)nc2cc1NC(=O)CCCCN	CHEMBL6032_5vse_CHEMBL4558425	6.787812395596043	COc1cc2c(NC3CCN(C)CC3)nc(N3CCCN(C)CC3)nc2cc1NC(=O)CCCCN	1.0
CHEMBL6031_5ttg_CHEMBL4568910	7.9586073148417755	COc1cc2c(NC3CCN(C)CC3)nc(N3CCCN(C)CC3)nc2cc1C#CCN(C)C	CHEMBL6032_3k5k_CHEMBL4568910	7.327902142064282	COc1cc2c(NC3CCN(C)CC3)nc(N3CCCN(C)CC3)nc2cc1C#CCN(C)C	1.0
CHEMBL6031_5ttg_CHEMBL4570643	6.818156412055227	CNCC#Cc1cc2nc(N3CCCN(C)CC3)nc(NC3CCN(C)CC3)c2cc1OC	CHEMBL6032_5vse_CHEMBL4570643	6.444905551421682	CNCC#Cc1cc2nc(N3CCCN(C)CC3)nc(NC3CCN(C)CC3)c2cc1OC	1.0
CHEMBL6031_5ttg_CHEMBL4580258	6.823908740944319	COc1cc2c(NC3CCN(C)CC3)nc(N3CCCN(C)CC3)nc2cc1NC(=O)CCN(C)C	CHEMBL6032_5vse_CHEMBL4580258	6.172630726946175	COc1cc2c(NC3CCN(C)CC3)nc(N3CCCN(C)CC3)nc2cc1NC(=O)CCN(C)C	1.0
CHEMBL6031_5ttg_CHEMBL569864	6.154901959985742	COc1cc2nc(N3CCCN(C)CC3)nc(NC3CCN(Cc4ccccc4)CC3)c2cc1OC	CHEMBL6032_5vse_CHEMBL569864	6.886056647693162	COc1cc2nc(N3CCCN(C)CC3)nc(NC3CCN(Cc4ccccc4)CC3)c2cc1OC	1.0
CHEMBL6031_5ttg_CHEMBL570120	7.920818753952375	COc1cc2nc(N3CCCCC3)nc(NC3CCN(C)CC3)c2cc1OC	CHEMBL6032_5vsc_CHEMBL4097286	6.721246399047171	COc1cc2nc(N3CCCCCC3)nc(NC3CCN(C)CC3)c2cc1OC	1.0
CHEMBL6031_5ttg_CHEMBL570120	7.920818753952375	COc1cc2nc(N3CCCCC3)nc(NC3CCN(C)CC3)c2cc1OC	CHEMBL6032_5vse_CHEMBL570120	6.24402491481225	COc1cc2nc(N3CCCCC3)nc(NC3CCN(C)CC3)c2cc1OC	1.0
CHEMBL6031_5ttg_CHEMBL571717	7.3979400086720375	COc1cc2nc(N3CCOCC3)nc(NC3CCN(C)CC3)c2cc1OC	CHEMBL6032_5vse_CHEMBL571717	6.351639989019067	COc1cc2nc(N3CCOCC3)nc(NC3CCN(C)CC3)c2cc1OC	1.0
CHEMBL6031_5ttg_CHEMBL576260	7.9586073148417755	COc1cc2nc(N(C)C)nc(NC3CCN(C)CC3)c2cc1OC	CHEMBL6032_5vse_CHEMBL576260	5.9586073148417755	COc1cc2nc(N(C)C)nc(NC3CCN(C)CC3)c2cc1OC	1.0
CHEMBL6031_5ttg_CHEMBL576781	7.301029995663981	COc1cc2c(NC3CCN(C)CC3)nc(N3CCCN(C)CC3)nc2cc1OCCCN(C)C	CHEMBL6032_5vse_CHEMBL576781	7.638272163982407	COc1cc2c(NC3CCN(C)CC3)nc(N3CCCN(C)CC3)nc2cc1OCCCN(C)C	1.0
CHEMBL6031_5ttg_CHEMBL578227	8.397940008672037	COc1cc2nc(N3CCCN(C)CC3)nc(NC3CCN(C)CC3)c2cc1OC	CHEMBL6032_5vsc_CHEMBL578227	6.481486060122112	COc1cc2nc(N3CCCN(C)CC3)nc(NC3CCN(C)CC3)c2cc1OC	1.0
CHEMBL6031_5ttg_CHEMBL585180	7.638272163982407	CCN(CC)c1nc(NC2CCN(C)CC2)c2cc(OC)c(OC)cc2n1	CHEMBL6032_5tuy_CHEMBL585180	5.187086643357143	CCN(CC)c1nc(NC2CCN(C)CC2)c2cc(OC)c(OC)cc2n1	1.0
