unique_identify	-logAffi
4wvt	5.31
4m3f	5.31
3fcb	5.31
5d0j	5.31
5km0	5.31
3m53	5.31
1mfd	5.31
3v2o	5.31
6ezi	5.31
4ipi	5.32
4r07	5.32
1al8	5.32
6h1u	5.32
6g0z	5.32
5ayy	5.32
4qag	5.32
1lvu	5.32
5ks7	5.32
1y20	5.32
2f6z	5.32
4yb6	5.32
5g1z	5.32
5mlo	5.32
1mqj	5.32
5t4u	5.32
3uig	5.32
5n17	5.32
3sqq	5.32
4hbw	5.32
4us4	5.32
4us3	5.32
1oim	5.32
2w9r	5.32
3rpy	5.32
3gjq	5.33
3ftq	5.33
5n8e	5.33
5cqx	5.33
2n14	5.33
3rzi	5.33
4b3u	5.33
4giu	5.33
4mcd	5.33
3ml4	5.33
5q12	5.33
3q1x	5.33
4mep	5.33
3hxe	5.33
6fav	5.33
5nf9	5.33
3arx	5.33
4xy9	5.33
1k06	5.34
3qiy	5.34
3vb5	5.34
4mg5	5.34
4j06	5.34
1k08	5.34
1aqc	5.34
3v3v	5.34
3vv7	5.34
3zyr	5.34
3nee	5.34
3nrz	5.34
6cd4	5.34
5l4m	5.34
3atv	5.34
3k4q	5.34
4wrq	5.34
6ap7	5.34
5u14	5.34
3hkq	5.34
1jwu	5.34
5wp5	5.34
3efs	5.34
2qnb	5.34
3bc4	5.35
2fxv	5.35
4rcp	5.35
4wgi	5.35
4k76	5.35
6ep4	5.35
5jnn	5.35
1ql9	5.35
4k6w	5.35
2gqn	5.35
2ltz	5.35
4blb	5.35
6an1	5.35
4ep2	5.35
4yef	5.35
3r8i	5.35
5u11	5.35
5llm	5.35
2xyu	5.35
2gkl	5.35
3hkn	5.35
4ef4	5.35
5l26	5.35
1wb0	5.35
3g8e	5.35
4b9h	5.35
4qwi	5.36
2qaf	5.36
5drt	5.36
5eou	5.36
5obr	5.36
3u3z	5.36
6afe	5.36
1oy7	5.36
5q0l	5.36
4c1d	5.36
6chq	5.36
3ldq	5.36
2qlj	5.36
4hby	5.36
1adl	5.36
6gu3	5.36
4el9	5.36
1w6y	5.36
4kod	5.36
3ncq	5.36
3mf5	5.36
5jdi	5.37
4g0k	5.37
6eyb	5.37
2glm	5.37
3lqj	5.37
6cb5	5.37
4xc2	5.37
4lkf	5.37
5etn	5.37
5uci	5.37
4el5	5.37
6g15	5.37
4dpy	5.37
6ap6	5.37
3qt6	5.37
5dpw	5.37
3chf	5.37
5cdh	5.37
3wmb	5.37
2hj4	5.37
1sgu	5.37
1thr	5.38
2xke	5.38
6baw	5.38
6g8m	5.38
3e85	5.38
3sw9	5.38
2ohu	5.38
3ud8	5.38
2vd7	5.38
2m0o	5.38
4umq	5.38
1g3e	5.38
2lty	5.38
4kz0	5.38
4qvw	5.38
3zyb	5.38
5mek	5.38
2qhd	5.38
4hlw	5.38
3tif	5.38
2h2j	5.38
3tww	5.38
4ebv	5.38
4f7v	5.38
4hxr	5.39
2h6b	5.39
1kyn	5.39
1hy7	5.39
3tgs	5.39
3m1k	5.39
1qbv	5.39
3so6	5.39
2wic	5.39
3e37	5.39
2ltx	5.39
3fc8	5.39
1uyi	5.39
4cl6	5.39
5e1d	5.39
6ma2	5.39
5chk	5.39
3hxb	5.39
4ej8	5.39
2v22	5.39
4btm	5.39
4hxs	5.39
2xpa	5.39
1r9l	5.4
3ken	5.4
4aph	5.4
1mxu	5.4
5ep7	5.4
5jiq	5.4
1yi3	5.4
5m2v	5.4
4m3p	5.4
3b4p	5.4
4c5d	5.4
4nwd	5.4
1t1r	5.4
5yid	5.4
1tv6	5.4
2wzz	5.4
1ow8	5.4
3l6h	5.4
4ij1	5.4
5jsj	5.4
1ow7	5.4
5o1i	5.4
1uvs	5.4
5anq	5.4
4ozj	5.4
1my3	5.4
4ozn	5.4
3rk5	5.4
5fjw	5.4
2f35	5.4
1bp0	5.4
6bj2	5.4
3pch	5.4
1pz5	5.4
5lsg	5.4
5eqp	5.4
1m7i	5.4
2jdm	5.4
1bq3	5.4
1trd	5.4
2qg2	5.4
5mqe	5.4
2g24	5.4
3pma	5.4
4rqz	5.4
2c1p	5.4
1mmr	5.4
5tef	5.4
4m3d	5.41
4drp	5.41
2mps	5.41
1y3a	5.41
6mil	5.41
5u5t	5.41
3kai	5.41
4lwt	5.41
3arn	5.41
5lt6	5.41
4fgt	5.41
5yv5	5.41
4kmd	5.41
5etm	5.41
5u13	5.41
1u2r	5.41
5m7t	5.41
5cbs	5.41
4u6z	5.41
3tjh	5.41
1dzm	5.41
3gqo	5.41
1xxe	5.41
5ey9	5.41
2j47	5.41
1h9z	5.42
1nu8	5.42
4nxv	5.42
2qnz	5.42
2vpo	5.42
6cjh	5.42
1r5n	5.42
3qci	5.42
1xot	5.42
3ob1	5.42
4uxj	5.42
2a3w	5.42
4fev	5.42
3rl4	5.42
5ab1	5.42
3k0k	5.43
4ofb	5.43
6afd	5.43
3qlc	5.43
4xta	5.43
4pnc	5.43
1fq7	5.43
2qu2	5.43
4pox	5.43
3k5f	5.43
1y98	5.43
4p2t	5.43
2qln	5.43
5ksx	5.43
3ivv	5.43
6a6w	5.43
4tmp	5.43
1fw0	5.43
3s7f	5.43
4b60	5.43
4dju	5.44
4j26	5.44
4mgb	5.44
4osf	5.44
3lp7	5.44
4rsp	5.44
6d1u	5.44
5uxm	5.44
1h0a	5.44
4tju	5.44
4qz1	5.44
6buu	5.44
3pty	5.44
3p2h	5.44
4bdk	5.44
4fli	5.44
5e3a	5.44
3gs7	5.44
3run	5.44
3u10	5.44
6gnr	5.44
5tp0	5.44
4mp2	5.45
3mi3	5.45
2iko	5.45
3my1	5.45
4jft	5.46
5dtw	5.46
5xag	5.46
5txy	5.46
5nka	5.46
2cn8	5.46
6dcy	5.46
1q65	5.46
2y4k	5.46
5ye7	5.46
1b4h	5.46
4kot	5.46
3s22	5.46
4gw5	5.46
2fie	5.46
1lv8	5.46
4zly	5.46
1anf	5.46
2gg9	5.46
6ekq	5.46
5mnr	5.46
4qz0	5.46
1nnk	5.46
5owa	5.46
5fb0	5.47
1gi1	5.47
5o4s	5.47
5gu4	5.47
4j77	5.47
1o2s	5.47
3t3y	5.47
1g7f	5.47
4jmu	5.47
2y7p	5.47
4n7m	5.47
2r0z	5.47
3pd2	5.47
2hf8	5.47
4qb3	5.47
6c7w	5.47
2xde	5.47
5u0f	5.47
4xcb	5.47
1nlo	5.47
1g85	5.48
5mav	5.48
3d2r	5.48
4qfg	5.48
4x8p	5.48
4oq6	5.48
4n7h	5.48
4jfm	5.48
5aqz	5.48
2qyk	5.48
4tmf	5.48
3iw6	5.48
2qic	5.48
5ii1	5.48
3zdv	5.48
3m58	5.48
5alx	5.48
4ie4	5.48
5hrw	5.48
3bxe	5.48
5vwk	5.48
4c5w	5.48
2zkj	5.48
4ycu	5.48
5lkr	5.48
4kp8	5.48
1uh1	5.48
5iv4	5.48
2nww	5.48
5yib	5.48
2wxd	5.48
4d2r	5.48
3t3g	5.49
4w9f	5.49
4f6s	5.49
1pyn	5.49
3ga5	5.49
3h0b	5.49
2qtr	5.49
6g91	5.49
2uy5	5.49
1uef	5.49
5avf	5.49
3mvj	5.49
3bmq	5.49
6afa	5.49
6f29	5.49
3bvb	5.49
3i73	5.49
5xzr	5.49
3hmp	5.49
5tq1	5.49
1tys	5.49
4zs2	5.49
3sgx	5.49
4tq3	5.49
6af9	5.49
2r3y	5.49
2ioa	5.49
5w6u	5.49
4uvb	5.49
2h4k	5.49
4rt0	5.5
3lfn	5.5
4ura	5.5
3tza	5.5
2y58	5.5
2ajb	5.5
3c1n	5.5
6gr7	5.5
6hm6	5.5
6gfz	5.51
2gc8	5.51
4qwu	5.51
4qxo	5.51
3da9	5.51
4qz3	5.51
3cn0	5.51
4k55	5.51
1t08	5.51
4i9c	5.51
4zgk	5.51
4zba	5.51
6ewe	5.51
3vgc	5.51
1b2i	5.51
5cks	5.51
3u51	5.51
3kgt	5.51
2uym	5.51
5zzw	5.51
1ggn	5.51
3qts	5.51
1xh3	5.51
3tws	5.52
3v0l	5.52
6fi5	5.52
5w1w	5.52
5j1x	5.52
5yun	5.52
5nn6	5.52
3hqr	5.52
5yzc	5.52
1xxi	5.52
3i97	5.52
5v5e	5.52
4qqi	5.52
1oe7	5.52
2ez5	5.52
2hwi	5.52
4pnl	5.52
4yvz	5.52
3hzm	5.52
1lox	5.52
5ixf	5.52
2ga2	5.52
1oe8	5.52
5f08	5.52
2vnf	5.52
3eys	5.52
3iog	5.52
5yia	5.52
1a8i	5.52
4h2o	5.52
3t6y	5.52
1tl9	5.52
1kc7	5.52
2ydt	5.52
5mrp	5.52
6exm	5.52
2l8j	5.52
5juz	5.52
4u5j	5.53
6f4w	5.53
4qz6	5.53
1szm	5.53
4fmo	5.53
6esm	5.53
1h26	5.54
5n8j	5.54
1bjv	5.54
5lgn	5.54
2c9b	5.54
1bio	5.54
5a81	5.54
1r5w	5.54
1oiq	5.54
1ha2	5.54
6boe	5.54
2olb	5.54
6ew7	5.54
5eds	5.54
5a4q	5.54
3v78	5.54
2nq7	5.54
3r8v	5.54
3jyr	5.54
4o0t	5.54
3daj	5.54
4qij	5.54
4r4c	5.54
4dtt	5.54
4ba3	5.54
3ubd	5.54
5azg	5.54
3f07	5.54
3ggw	5.54
2idk	5.54
3bxf	5.54
3uzj	5.55
5vd3	5.55
4wbg	5.55
5vcx	5.55
1njc	5.55
4tk0	5.55
4fri	5.55
3sdg	5.55
1y3n	5.55
4kww	5.55
3fkt	5.55
2iuz	5.55
5knu	5.55
4pqa	5.55
4ie6	5.55
2c2l	5.55
1g3d	5.55
4p5e	5.55
4o3f	5.56
2jdn	5.56
4esg	5.56
5gx7	5.56
5alj	5.56
5lpm	5.56
3uxl	5.57
1jak	5.57
5v8j	5.57
5d1n	5.57
1njd	5.57
2lgf	5.57
2onb	5.57
5eto	5.57
3vtr	5.57
2qo1	5.57
4awf	5.57
2f6j	5.57
6au5	5.57
6ayh	5.57
2fuu	5.57
5all	5.57
6faw	5.57
6chh	5.57
3jup	5.58
3su5	5.58
4tw8	5.58
4iur	5.58
5n9r	5.59
4cwn	5.59
1mfi	5.59
5wg9	5.59
1fo0	5.59
2xkc	5.59
5hkb	5.59
3sha	5.59
2zlg	5.59
4kxm	5.59
5t9w	5.59
1rtl	5.59
6fnr	5.59
2hmb	5.59
3nzi	5.59
5d2a	5.59
4tkb	5.59
5afv	5.59
4tx6	5.59
5ox5	5.59
3e6y	5.6
4os1	5.6
2yhy	5.6
4btl	5.6
1o9d	5.6
3u78	5.6
5eje	5.6
5osk	5.6
5toe	5.6
6cdc	5.6
5lhg	5.6
5dj5	5.6
1e06	5.6
1h27	5.6
3fa3	5.6
4yad	5.6
5boy	5.6
1fwe	5.6
4uiy	5.6
5ih6	5.6
4eqj	5.6
4o77	5.6
3qcf	5.6
5d6p	5.6
2f71	5.6
4q6f	5.6
3cbp	5.6
3bl1	5.6
4zzy	5.6
5khd	5.6
1kne	5.6
4xsz	5.6
2wgs	5.6
3qps	5.6
5a82	5.6
3lfs	5.6
4iid	5.62
4my6	5.62
3btj	5.62
1a08	5.62
5uv1	5.62
2z5t	5.62
3c6w	5.62
3twu	5.62
4ddy	5.62
6bh2	5.62
4j48	5.62
5wgp	5.62
3lpl	5.62
4oz1	5.62
1uti	5.62
4lng	5.62
4txe	5.62
4mzl	5.62
1ejn	5.62
3upy	5.62
3abu	5.62
4mg6	5.62
4f9g	5.62
3e3c	5.62
4jiz	5.62
3ldp	5.62
1fyr	5.62
6h29	5.62
1cqp	5.62
5e0h	5.62
5jq5	5.63
3rf5	5.63
3l1n	5.63
3gy3	5.63
5d0c	5.63
3bux	5.63
5l0h	5.64
4zsj	5.64
5adr	5.64
1qs4	5.64
3iw7	5.64
4ft2	5.64
5c4l	5.64
1f57	5.64
1hlf	5.64
1y3v	5.64
5bqs	5.64
3s8l	5.64
6fmp	5.64
2qlm	5.64
5y93	5.64
2n1g	5.64
4l7b	5.64
2xkd	5.64
3p79	5.64
4b11	5.64
2xzc	5.64
4jin	5.64
1hte	5.64
6fdc	5.64
2reg	5.64
3hv6	5.64
1y3y	5.64
1h1r	5.64
2gni	5.64
4mbp	5.64
4dmn	5.64
5jin	5.64
4zsq	5.65
4qz7	5.65
4iuu	5.65
5adt	5.65
4ezy	5.65
5zoo	5.65
3q7q	5.65
6es0	5.65
5g5z	5.66
5hey	5.66
3t6r	5.66
5d6y	5.66
1o43	5.66
4pr5	5.66
4zek	5.66
1pxk	5.66
4l7u	5.66
6fqu	5.66
3sh0	5.66
6fi4	5.66
4prp	5.66
2aie	5.66
4l70	5.66
6hx5	5.66
4jls	5.66
4yo6	5.66
3oxi	5.66
5g3m	5.66
2x97	5.66
3b1t	5.66
5t2y	5.66
5ov9	5.66
3td4	5.66
5tcc	5.66
2f4j	5.66
2z5s	5.66
2aod	5.66
3ery	5.66
3g2w	5.66
2erz	5.66
2r3c	5.66
6cjv	5.66
4n7g	5.66
3mke	5.66
2azm	5.66
4xek	5.66
5dhf	5.66
1n5r	5.66
4nal	5.66
3iuc	5.66
2op9	5.66
3zi8	5.66
1nhv	5.66
4hxl	5.66
6hm4	5.67
3tdu	5.67
6gon	5.67
5ouh	5.67
4ncn	5.67
4u7t	5.67
2bb7	5.67
2h15	5.67
5ads	5.67
2pqz	5.67
6f28	5.67
3zmp	5.67
2k0x	5.68
6esj	5.68
6bt0	5.68
1pwu	5.68
5o2d	5.68
4l4z	5.68
2uyq	5.68
2q8z	5.68
1ow4	5.68
2vpg	5.68
2vr4	5.68
3al3	5.68
4mg9	5.68
1gnn	5.68
3d45	5.68
4ycw	5.68
3ha6	5.68
3u0p	5.68
2c92	5.68
5n18	5.68
2an5	5.68
5hjb	5.68
4jfj	5.68
2cbu	5.68
4det	5.68
4mm9	5.68
5o3q	5.68
3oil	5.68
4d2p	5.68
1nhx	5.68
1oxn	5.68
3sou	5.68
4c52	5.68
2xk3	5.68
5ans	5.69
6bdy	5.69
3sji	5.69
5m3a	5.7
5jq8	5.7
2h3e	5.7
5uwj	5.7
1o4b	5.7
2x7c	5.7
4tky	5.7
4i7b	5.7
3g0c	5.7
1n1m	5.7
9lpr	5.7
5k1v	5.7
6h9b	5.7
4d1c	5.7
3udy	5.7
4zyr	5.7
3pxe	5.7
2zbk	5.7
1a46	5.7
2o3z	5.7
3acx	5.7
4yk6	5.7
4l2l	5.7
2bgn	5.7
3n5h	5.7
4z0u	5.7
2ccs	5.7
1y2d	5.7
5elq	5.7
1egh	5.7
4pzv	5.7
3eks	5.7
5adq	5.7
4bs0	5.7
3fhb	5.7
3d4y	5.7
2a14	5.7
5ajz	5.7
5mky	5.7
1g98	5.7
3ds1	5.7
3srg	5.7
5jar	5.7
1i32	5.7
2i4p	5.7
1dkd	5.7
3s9i	5.7
2hwh	5.7
4pio	5.7
4b13	5.7
2bw7	5.7
2oi9	5.7
4aa7	5.7
5lz4	5.7
3dkj	5.7
7gch	5.7
1xt3	5.7
6f9g	5.7
5vqw	5.7
2i4z	5.7
5mqt	5.7
3bar	5.7
3c4h	5.7
5vqs	5.7
2xpb	5.7
1pgp	5.7
5wei	5.7
1bt6	5.7
6mim	5.7
4qxq	5.7
5dhq	5.7
1g9r	5.7
6eip	5.7
4f39	5.7
4mny	5.71
1n7m	5.71
2uz9	5.71
5y9l	5.72
5mxq	5.72
3tku	5.72
4obz	5.72
4nhx	5.72
3k3i	5.72
4a6w	5.72
5lx6	5.72
1obx	5.72
4i9o	5.72
5wle	5.72
4iuv	5.72
4br3	5.72
4awm	5.72
4rvt	5.72
5t2p	5.72
4zw6	5.72
3b1u	5.72
4a6v	5.72
5b5o	5.72
2hob	5.72
3shc	5.72
3c4f	5.72
3tne	5.72
5hfc	5.72
5mwd	5.72
1cka	5.72
4dn0	5.72
2v25	5.72
2qg0	5.72
3bqc	5.73
5izl	5.73
3jyj	5.74
3ut5	5.74
4jv9	5.74
5tzd	5.74
5epk	5.74
5hf1	5.74
2ph8	5.74
5om7	5.74
5itf	5.74
4qq4	5.74
3pb7	5.74
4d1d	5.74
5dlz	5.74
1o34	5.74
4o2b	5.74
5ieg	5.74
5u4b	5.74
3g9n	5.74
4lps	5.74
5vqt	5.74
2pgz	5.74
4tkh	5.74
3o1d	5.74
1dmb	5.74
6boy	5.74
5cbr	5.74
3bzi	5.74
2flb	5.74
4p4d	5.74
4gao	5.74
5am5	5.74
4zsp	5.74
5h5q	5.74
4knr	5.74
3gpe	5.74
1qy2	5.74
5yjf	5.74
5duf	5.74
2b1v	5.74
5n8t	5.74
5ota	5.74
3v7c	5.74
2c68	5.74
5eis	5.74
4ibm	5.74
2zvj	5.74
1zdp	5.74
3kr1	5.74
1o33	5.74
6cjw	5.74
4mp7	5.74
5fos	5.74
4dk8	5.74
1h25	5.74
5sve	5.74
1g3b	5.74
4yog	5.74
3wz7	5.74
3o0e	5.74
5vsk	5.74
2las	5.74
3btc	5.75
4b4q	5.75
3pa8	5.75
5ntt	5.75
4iku	5.75
4dcd	5.75
2ya8	5.75
5c1x	5.75
5nmg	5.75
4uva	5.75
3asl	5.76
1p1o	5.76
4nwc	5.76
3rz3	5.76
4muv	5.76
4mnw	5.76
5y5n	5.76
4oee	5.76
2qta	5.76
4a95	5.76
2gg7	5.76
1rhm	5.76
2h44	5.77
3qxc	5.77
3k8d	5.77
1jj9	5.77
4fxq	5.77
5f37	5.77
2pg2	5.77
5za2	5.77
4qwj	5.77
5d1t	5.77
5xaf	5.77
3d1e	5.77
6hjj	5.77
2ynr	5.77
1y3w	5.77
1ddm	5.77
2xp7	5.77
3k00	5.77
4u03	5.77
5mwg	5.77
4z0f	5.77
3eg6	5.77
1q66	5.77
3qfv	5.77
3rum	5.77
4u0n	5.77
4py4	5.77
3njy	5.77
5jas	5.77
3cso	5.77
4lbo	5.77
1xh8	5.77
3plu	5.77
2psx	5.77
5fsn	5.77
4zdu	5.77
4oaz	5.77
5id0	5.77
1jmf	5.77
3cs8	5.77
2vcg	5.77
1ur9	5.77
4u0m	5.77
2boj	5.77
4mbf	5.77
5td7	5.77
3rm4	5.77
4um1	5.77
4q9o	5.77
4j45	5.77
4mw6	5.78
3r5n	5.78
3dpd	5.78
4z2k	5.78
4l4v	5.78
3sjo	5.78
5ha9	5.78
2x7s	5.78
5mo8	5.79
5n31	5.79
4q4q	5.79
2qe5	5.79
1y57	5.79
5e2q	5.79
4bqt	5.79
1hmt	5.79
5oei	5.8
5tzg	5.8
3e63	5.8
5gx6	5.8
1g3c	5.8
1kpm	5.8
6gu2	5.8
5uwp	5.8
3il5	5.8
1c3i	5.8
1wug	5.8
6dxl	5.8
4oyb	5.8
5eta	5.8
3fyz	5.8
5un1	5.8
4acf	5.8
5t23	5.8
6dko	5.8
5ez0	5.8
4rhx	5.8
3iaw	5.8
5owf	5.8
3k16	5.8
5t6f	5.8
1ggd	5.8
3q72	5.8
4f6v	5.8
1ppm	5.8
4g8v	5.8
6eog	5.8
5uwi	5.8
1a8t	5.8
1dub	5.8
5m9d	5.8
1jlx	5.8
5h15	5.8
5tzf	5.8
1jvp	5.8
3q7p	5.8
3v31	5.8
4ezx	5.8
5kyk	5.8
2q88	5.8
2i40	5.8
4k3p	5.8
3ual	5.81
2wi4	5.81
6ey8	5.81
1h8s	5.81
1kav	5.82
6cms	5.82
2nq6	5.82
2vtr	5.82
4e9u	5.82
4p5d	5.82
2xk7	5.82
4zec	5.82
3e1r	5.82
3bet	5.82
2xez	5.82
4lj8	5.82
1ntv	5.82
6ftp	5.82
1urg	5.82
3b7i	5.82
1bbz	5.82
4yax	5.82
3nzw	5.82
4r4o	5.82
5tb6	5.82
2g6q	5.82
4xs2	5.82
5tg1	5.82
5d2r	5.82
11gs	5.82
3fzs	5.82
6c7b	5.82
3dp2	5.82
5w5j	5.82
1vwn	5.82
4rn2	5.82
1qm5	5.82
3qqa	5.82
3doy	5.82
5gg4	5.82
4imq	5.82
4a9n	5.82
5yof	5.82
3h6z	5.82
5eeq	5.82
5t1m	5.82
1ols	5.82
2llo	5.82
3ind	5.82
1lqe	5.82
3gss	5.82
3dp3	5.82
1zyj	5.82
4u0u	5.82
5a3w	5.82
4rqk	5.82
5jlz	5.82
4mcb	5.82
2ym4	5.82
3buw	5.83
5wbq	5.83
4do5	5.83
5ku9	5.83
4edy	5.83
4bzn	5.84
4oex	5.84
5tdb	5.84
4km2	5.84
6g8n	5.84
3sm1	5.84
5egu	5.85
1o2x	5.85
1q54	5.85
2r3t	5.85
5d4a	5.85
3e5u	5.85
4qw6	5.85
4qr3	5.85
5j4v	5.85
5kv9	5.85
5ndf	5.85
2e5y	5.85
3r9n	5.85
2pu1	5.85
1utz	5.85
4j59	5.85
4z2l	5.85
3fxb	5.85
1tqf	5.85
5jf8	5.85
5mql	5.85
4jv8	5.85
1o2w	5.85
5c0m	5.85
5a2j	5.85
1k4g	5.85
3ax5	5.85
6few	5.85
5oq8	5.85
1qbn	5.85
6bfe	5.85
4bis	5.85
3duy	5.85
2oc7	5.85
4gsc	5.85
2z94	5.85
1o2v	5.85
4msu	5.85
2g19	5.85
6fil	5.85
3dp0	5.85
1ogz	5.85
4rww	5.85
2lnw	5.85
4w50	5.85
5j9k	5.85
4des	5.85
1q63	5.85
1abt	5.85
1juf	5.85
6fim	5.85
5lso	5.85
1ny0	5.85
4pnm	5.85
2liq	5.85
5q0z	5.85
1yw7	5.85
4b6r	5.85
2v6n	5.86
4azc	5.86
5akj	5.86
4jne	5.86
4jn4	5.86
3vf3	5.86
4xya	5.86
1kl3	5.86
3r6t	5.86
4mga	5.86
3lpu	5.86
2cm8	5.87
5eh5	5.87
3tcg	5.87
5lif	5.87
4mwc	5.87
2uzv	5.87
5za7	5.87
5h09	5.88
6fmc	5.88
3bim	5.88
4cfl	5.88
3zlk	5.88
5am0	5.88
5cyi	5.88
1u6q	5.88
2ooh	5.89
4p6e	5.89
4hva	5.89
4arb	5.89
6mnf	5.89
3m54	5.89
2qlb	5.89
4gpl	5.89
3fci	5.89
5fsy	5.89
3bg8	5.89
5nps	5.89
3f9n	5.89
5t8p	5.89
5d3s	5.89
2oqs	5.89
5yvx	5.89
4xyn	5.89
5oxg	5.89
1dzj	5.89
2qm7	5.89
5t5g	5.89
2e9d	5.89
4uat	5.89
4uau	5.89
1y8o	5.89
1e1x	5.89
5ngt	5.89
5u5h	5.89
3qgw	5.89
1fpi	5.89
2xas	5.89
4qmu	5.89
4wk1	5.89
1ett	5.89
2eg7	5.89
2jbl	5.89
2tmn	5.89
5z68	5.89
3u9c	5.89
5wa4	5.89
4a23	5.89
3bu6	5.89
5yic	5.89
4b71	5.89
3ghe	5.89
5a4t	5.89
5l4f	5.89
2ph9	5.89
2brm	5.89
2j9a	5.89
3e0q	5.89
2viq	5.89
6g3y	5.89
4tkn	5.89
1b3l	5.89
3wgw	5.89
4lkt	5.9
5jha	5.9
5fhn	5.9
4kne	5.9
4azp	5.9
3old	5.9
2weq	5.9
5lvl	5.9
5c1y	5.9
6hu2	5.9
3wti	5.9
4bw1	5.9
5a5s	5.9
5wzw	5.91
6ey9	5.91
5e8z	5.91
5cp5	5.91
2g01	5.91
4mwe	5.91
1ugx	5.91
6bt6	5.91
2c0o	5.91
4csd	5.91
4rxh	5.91
2pv2	5.91
2zyn	5.92
4l3p	5.92
2iwu	5.92
2ans	5.92
4qye	5.92
5lsx	5.92
5eq0	5.92
5ivc	5.92
6eux	5.92
4kyh	5.92
5cuq	5.92
5svz	5.92
4ot6	5.92
3zki	5.92
2q96	5.92
3r0h	5.92
4gja	5.92
5dxg	5.92
2g83	5.92
4mdq	5.92
4lkk	5.92
3neo	5.92
1pph	5.92
3tkz	5.92
1qka	5.92
1ule	5.92
4ztl	5.92
5fh6	5.92
5i12	5.92
4uvu	5.92
1qwe	5.92
1a4h	5.92
4p0v	5.92
4y5d	5.92
6gw4	5.92
1yet	5.92
5h63	5.92
5afx	5.92
1qf2	5.92
1aj6	5.92
3kgu	5.92
1ndv	5.92
4pz8	5.92
5owh	5.92
4dlj	5.92
2pmk	5.92
5zfi	5.92
3jq7	5.92
1jao	5.92
5izm	5.92
3r4m	5.92
4hz5	5.92
5ax3	5.92
2xn3	5.92
5vqr	5.92
1yms	5.92
5u2j	5.92
4rdn	5.92
5trj	5.92
3zv7	5.92
4h1j	5.92
2g9v	5.92
3pm1	5.93
6ej3	5.93
4qwr	5.93
2xno	5.93
4op2	5.93
2hny	5.93
3lnk	5.94
4mr3	5.94
5gsw	5.94
3nef	5.94
2woa	5.94
4ra1	5.94
4qh7	5.94
1kv1	5.94
2c4g	5.94
3neg	5.94
4rhy	5.95
5ekh	5.95
5a6k	5.95
5ale	5.95
5bpe	5.95
6epa	5.95
3zot	5.95
4awg	5.96
4yjl	5.96
2mow	5.96
2o3p	5.96
4j5d	5.96
5t6g	5.96
5uw5	5.96
5n21	5.96
3zm4	5.96
2xaq	5.96
3g3m	5.96
6au9	5.96
2q92	5.96
1d6w	5.96
5ttw	5.96
6eqp	5.96
1nl9	5.96
2joa	5.96
5ho8	5.96
4msc	5.96
6b5i	5.96
3lpr	5.96
2xht	5.96
4feq	5.96
4uxh	5.96
2o7v	5.96
4hlh	5.96
5umx	5.96
4yvc	5.96
4qxs	5.96
4xuc	5.96
4cki	5.96
5k8o	5.96
2e9c	5.96
4hlk	5.96
1p05	5.96
5k0c	5.96
4e9c	5.96
5jzn	5.96
2fhy	5.96
5vcw	5.96
5jv0	5.96
4n1b	5.96
5h08	5.96
3cfs	5.96
1b9j	5.96
3wns	5.96
5hv0	5.96
3rw9	5.96
3fxw	5.96
3btl	5.96
4hkn	5.96
3wz6	5.96
2peh	5.96
5d1u	5.96
5pzm	5.96
4d4d	5.96
4zw8	5.96
3sad	5.96
1t7r	5.96
3mp6	5.96
1x7e	5.97
5ald	5.97
5n4t	5.97
4tjz	5.97
4wy6	5.97
2m0v	5.97
2hug	5.97
4yx4	5.97
1uwt	5.97
4qwg	5.97
4zyu	5.97
4qtd	5.97
5vse	5.97
4nkt	5.97
4fm8	5.97
2df6	5.98
5xyf	5.98
3ezv	5.98
3rl8	5.98
5xwr	5.98
4g69	5.98
1uwu	5.98
5drc	5.98
5n55	5.99
3e12	5.99
2xv1	5.99
4az5	5.99
4ch2	5.99
6c0u	5.99
3huc	5.99
3t3e	5.99
3ddg	6.0
1c5s	6.0
1tsm	6.0
1c8k	6.0
4pmt	6.0
4l7l	6.0
3az8	6.0
6cgt	6.0
4x8g	6.0
2wf5	6.0
4awi	6.0
3uil	6.0
4jv7	6.0
4rs0	6.0
1a1e	6.0
5ekj	6.0
4o72	6.0
3qnj	6.0
1ke8	6.0
6bg5	6.0
4p3h	6.0
3bze	6.0
6bqj	6.0
3udq	6.0
2l6e	6.0
5eyz	6.0
3dxm	6.0
5dht	6.0
4bb9	6.0
5f0f	6.0
4pzx	6.0
6dl9	6.0
2vqt	6.0
1hn2	6.0
2rcn	6.0
4ezw	6.0
3haw	6.0
4rao	6.0
5k7h	6.0
1lvc	6.0
5kcb	6.0
4qwf	6.0
4qxr	6.0
6q6y	6.0
1d2e	6.0
5j82	6.0
2wnl	6.0
4zz3	6.0
4d2t	6.0
4ivt	6.0
1kat	6.0
5olk	6.0
1ado	6.0
5vd1	6.0
3f69	6.0
4rr6	6.0
1h1q	6.0
5k09	6.0
1f0t	6.0
1rpa	6.0
1dpu	6.0
1f40	6.0
4u2w	6.0
4l3o	6.0
4fvr	6.0
3uh2	6.0
2am1	6.0
1tou	6.0
2qa8	6.0
1uvr	6.0
1k03	6.0
2w8g	6.0
2ym3	6.0
1zgv	6.0
1ctr	6.0
4nrt	6.0
4jql	6.0
5v4b	6.0
3nyn	6.0
1xk5	6.0
1ekb	6.0
3zo1	6.0
2izl	6.0
1gt1	6.0
2gh9	6.0
3az9	6.0
2wzx	6.0
1f0q	6.0
6f90	6.0
3ggj	6.0
4fvq	6.0
3zha	6.0
3arz	6.0
2r43	6.0
6e99	6.0
3nex	6.0
4g2y	6.0
5uez	6.01
2z4w	6.01
4b6s	6.01
5mmg	6.01
1b5h	6.01
5egs	6.01
5y1y	6.01
4uv9	6.01
5uch	6.01
5tzw	6.01
2vqm	6.01
2qhn	6.01
3pkc	6.02
2xwe	6.02
1xlz	6.02
3jqb	6.02
1tcw	6.02
3pi5	6.02
5yhg	6.02
5er1	6.02
5f5i	6.02
3zkf	6.02
3zq9	6.02
1zz1	6.02
4tjw	6.02
3su6	6.02
1sh9	6.03
1fq8	6.03
6afc	6.03
5okt	6.03
3shb	6.03
5wbk	6.03
1n8v	6.03
4pd8	6.03
5cso	6.03
1n8u	6.03
4ii9	6.03
4f9u	6.03
3rx7	6.03
1okl	6.03
1t7d	6.03
3ijy	6.04
2e9a	6.04
5ekg	6.04
5jf7	6.04
4tkj	6.04
4nuc	6.04
2vcq	6.04
6e9l	6.04
4mma	6.04
1t79	6.04
3lbk	6.04
6g3v	6.04
1xbo	6.04
3zlq	6.04
2w1d	6.04
6e8k	6.04
5muc	6.04
5ll5	6.04
2w2i	6.04
2ivz	6.04
4h38	6.04
4km0	6.04
5k0b	6.05
1llb	6.05
2zoq	6.05
5ur9	6.05
4ge2	6.05
5n0f	6.05
3skh	6.05
4e3b	6.05
1aq7	6.05
4kqp	6.05
4eol	6.05
2wi5	6.05
4qfs	6.05
6apt	6.05
4eoi	6.05
5h17	6.05
1eoc	6.05
3lgl	6.05
3pcf	6.05
2yg2	6.05
1t29	6.05
2l75	6.05
6fkz	6.05
4eos	6.05
3iss	6.05
3f66	6.05
5j4y	6.05
3max	6.05
2a3i	6.05
3d04	6.05
6bij	6.05
2r7g	6.05
2r3p	6.05
2q11	6.05
4ara	6.05
2mwp	6.05
4eon	6.05
6eln	6.05
4hxz	6.05
6ge7	6.06
2xkf	6.06
3qc9	6.06
4o4r	6.06
4hlf	6.06
1jmi	6.06
5d3l	6.06
4gw8	6.06
5t6p	6.06
1kjr	6.06
2ym6	6.06
5jhb	6.06
4l50	6.06
1qb6	6.06
5avi	6.06
2nnd	6.06
1g7q	6.06
3buo	6.06
5n2x	6.06
4io3	6.06
5k0f	6.07
1yy6	6.07
4ec0	6.07
4abv	6.07
3h0q	6.07
4l09	6.07
5y6k	6.07
1mmp	6.07
4h5e	6.07
1jmg	6.07
5jv1	6.07
4wwn	6.07
1c5f	6.07
3b25	6.07
3loo	6.07
5o4z	6.07
3c89	6.07
3le8	6.07
5ou1	6.07
2w5g	6.07
1o5f	6.07
3fvl	6.07
2jkr	6.07
2wmx	6.07
4xqu	6.07
1xo2	6.07
2pjt	6.07
2vtn	6.07
1zpb	6.07
2wej	6.08
3kaf	6.08
1tet	6.08
2pze	6.08
5h9r	6.08
2x6i	6.08
5e2v	6.08
1y8p	6.08
3bkk	6.08
5vlp	6.08
5dp9	6.08
6iin	6.08
5eel	6.08
2g9u	6.08
3rhx	6.08
4ir6	6.08
1f4y	6.08
3iw5	6.08
4kp5	6.08
6enx	6.08
5u0y	6.08
1awh	6.08
2wc3	6.08
3otf	6.08
1sri	6.08
2w7y	6.08
6emh	6.08
2g9r	6.08
4lkl	6.09
3p8z	6.09
3u18	6.09
5yqo	6.09
5m0d	6.09
4f49	6.09
5yjk	6.09
4o3b	6.09
1o2n	6.09
5ehy	6.09
4e8y	6.09
5lav	6.09
5d26	6.09
4cwb	6.09
4pni	6.09
6eaa	6.09
4cxw	6.09
5fso	6.09
3d62	6.1
5w7j	6.1
4glw	6.1
4hbn	6.1
4fmn	6.1
4hod	6.1
3cke	6.1
2flr	6.1
3ho9	6.1
4ya8	6.1
1m2q	6.1
3mp1	6.1
3lkh	6.1
5y86	6.1
1ujj	6.1
3djf	6.1
4wp7	6.1
4hxm	6.1
4euc	6.1
4dgg	6.1
5n58	6.1
1gt5	6.1
5vom	6.1
2wed	6.1
1zxv	6.1
4ocp	6.1
1b56	6.1
2e7f	6.1
2cvd	6.1
4r5t	6.1
2fum	6.1
1css	6.1
1lgt	6.1
1e00	6.1
2x8d	6.1
4c4n	6.1
2y06	6.1
3c8b	6.1
1azm	6.1
2yay	6.1
3saz	6.1
3v2n	6.1
5knx	6.1
3t1n	6.1
4hmk	6.1
5w5v	6.1
4gah	6.1
1oj5	6.1
1tka	6.1
6c4u	6.1
2vwz	6.1
2zu3	6.1
3rcj	6.1
2p7a	6.1
6f8u	6.1
5a3x	6.1
2pzi	6.1
2r3g	6.1
4z1s	6.1
2ewb	6.1
4kxn	6.1
3cii	6.1
5wfw	6.1
5q0q	6.11
5vee	6.11
5dd9	6.11
5f1x	6.11
6b4d	6.11
2qx0	6.11
4m7j	6.11
6aqo	6.11
4tqn	6.11
4qw1	6.11
2jnw	6.11
3wdd	6.11
4c9w	6.11
4li7	6.11
1o2z	6.11
5gid	6.11
1g32	6.11
4s3e	6.11
4gvm	6.11
1m2p	6.11
5kax	6.11
4mm8	6.11
1xxh	6.11
2o63	6.11
4iqt	6.11
1o2g	6.12
5aki	6.12
3pkd	6.12
2vpp	6.12
3r2a	6.12
5l2o	6.12
4aw5	6.12
6fmj	6.12
5q1d	6.12
5lxp	6.12
2kgi	6.12
5nvy	6.12
5kns	6.12
1gag	6.12
4hp0	6.12
4ayp	6.12
2z78	6.12
6afh	6.12
1uu3	6.12
4hzt	6.12
4x34	6.12
2uue	6.13
5alo	6.13
1aku	6.13
3ow3	6.13
5f1c	6.13
4jlj	6.13
2ccu	6.13
3sm0	6.13
3zeb	6.13
4q18	6.13
5svy	6.13
3fej	6.13
3g9l	6.13
4jj8	6.14
2fqt	6.14
4umt	6.14
4pyx	6.14
2c97	6.14
3ig1	6.14
5ar0	6.14
2zym	6.14
5nk9	6.14
2c6k	6.14
3bti	6.14
3pz1	6.14
3kme	6.14
4mk2	6.14
4rt1	6.14
5u49	6.14
3lkz	6.15
4msl	6.15
1cw2	6.15
6guk	6.15
1w6r	6.15
5dit	6.15
3usn	6.15
3fpd	6.15
3r7b	6.15
5wxh	6.15
3rm8	6.15
2z9g	6.15
1tkt	6.15
5xvf	6.15
3v6r	6.15
6g98	6.15
4exh	6.15
2r75	6.15
1h6e	6.15
3r7n	6.15
5v41	6.15
4hnf	6.15
3ktr	6.15
5ftg	6.15
3osw	6.15
3v4x	6.15
2y4s	6.15
3bh3	6.15
4kzl	6.15
3ce0	6.15
4f6u	6.15
2z4y	6.15
1tsl	6.15
2wtj	6.15
2gfs	6.15
4utr	6.15
5a54	6.15
4utn	6.15
4r5v	6.15
1u0g	6.15
3arw	6.15
1bmb	6.15
5l0c	6.15
3l3x	6.15
1zs0	6.15
2ewy	6.15
6mu3	6.15
5fah	6.15
5lub	6.15
5lyw	6.15
3qxd	6.15
2j3q	6.15
5wkl	6.15
2zdz	6.15
2y1g	6.15
2e99	6.16
4o37	6.16
2i4j	6.16
4ktu	6.16
4b6c	6.16
2evm	6.16
4o04	6.16
4mse	6.16
4zro	6.16
1ppc	6.16
5h0h	6.16
5f2k	6.16
4rhu	6.16
3fnu	6.16
5nwi	6.16
3lpg	6.16
4ikt	6.17
4pn1	6.17
6iil	6.17
2kce	6.17
3hp2	6.17
6h1h	6.17
3owl	6.17
6apw	6.17
3mn8	6.17
4b9k	6.17
5fnt	6.17
5tzh	6.17
1a9q	6.17
1ndy	6.17
4bpi	6.17
4ju7	6.17
1d6v	6.17
1shd	6.17
1sle	6.17
4fht	6.17
5twg	6.17
4c68	6.17
4pfu	6.17
4ju6	6.17
5xn3	6.17
3c8a	6.18
1ke9	6.18
1xhy	6.18
5wou	6.18
5nwg	6.18
4q6e	6.18
3w9r	6.18
3wff	6.18
5km1	6.18
3amb	6.18
4nmx	6.18
5l3e	6.18
2qhm	6.18
4qwl	6.18
2xd6	6.19
6fu4	6.19
2o65	6.19
4umu	6.19
1iy7	6.19
3qtw	6.19
6c91	6.19
4r8y	6.19
5aiv	6.19
5c84	6.19
3u5l	6.19
1dx6	6.19
4olc	6.19
4wrb	6.19
4zx5	6.19
2qbu	6.19
3zcw	6.19
5svx	6.19
4i4f	6.19
2p98	6.19
4dma	6.19
1tq4	6.19
3v8s	6.19
2bt9	6.19
3fr4	6.19
1d4t	6.19
1v2k	6.19
3fzt	6.2
1wbs	6.2
1sqt	6.2
4ad2	6.2
6afi	6.2
3h0s	6.2
6eea	6.2
4ufi	6.2
4k6i	6.2
5ukl	6.2
4b72	6.2
3p9t	6.2
4jvq	6.2
6aom	6.2
4is6	6.2
4gw6	6.2
2qrp	6.2
3q4j	6.21
3n0h	6.21
5m53	6.21
5ukk	6.21
4bgm	6.21
2uzl	6.21
3bun	6.21
5h5r	6.21
5ktu	6.21
4eyj	6.21
1b3h	6.21
3s8n	6.21
4hmh	6.21
3hlo	6.21
1aht	6.21
5ou3	6.21
5y8z	6.21
3rx8	6.21
4ymb	6.21
5fqv	6.21
5en3	6.21
3m55	6.21
4deh	6.21
4mul	6.21
3dgn	6.21
5ygf	6.21
3sug	6.21
4ir5	6.21
2zm3	6.21
4i0d	6.21
5vyy	6.21
5ttf	6.21
2b17	6.21
4jwr	6.21
3lmp	6.21
4ht6	6.21
3vid	6.21
4z6h	6.21
2ykj	6.21
2g6p	6.22
1gi6	6.22
3pb3	6.22
5bsk	6.22
4m0e	6.22
1fig	6.22
4mjo	6.22
3l5f	6.22
3hvc	6.22
6aud	6.22
5u69	6.22
2xda	6.22
4anq	6.22
2k1q	6.22
3e9i	6.22
3s9z	6.22
4dwk	6.22
4j5b	6.22
6eiz	6.22
6m8w	6.22
2viz	6.22
4kxl	6.22
2ze1	6.22
3pd9	6.22
4mdn	6.22
1bqn	6.22
4bqg	6.22
1ka7	6.22
2r3o	6.22
1l8g	6.22
2y07	6.22
3ipa	6.22
1xb7	6.22
2n0u	6.22
3s1y	6.22
1fbm	6.22
3ip5	6.22
5ett	6.23
2e98	6.23
4wr8	6.23
4l2f	6.23
4ikr	6.23
5gmv	6.23
3ro4	6.23
5wa8	6.23
5y12	6.23
3fr2	6.23
3okv	6.23
3dv1	6.23
4w9j	6.23
5huw	6.23
5dif	6.23
3s3v	6.23
1m7d	6.23
5l3g	6.23
5etv	6.24
2fai	6.24
2fix	6.24
3ryw	6.24
5lwd	6.24
1hnn	6.24
2qyn	6.24
4dgo	6.24
5ajv	6.24
3waw	6.24
3vh9	6.24
4iqu	6.24
3wd2	6.24
3iu8	6.24
5mat	6.24
1ym1	6.24
6fjm	6.24
5ais	6.24
2vx0	6.24
1tow	6.24
6eir	6.24
6ar4	6.24
1xn0	6.24
5q1i	6.24
6bil	6.24
4s3f	6.24
3fqh	6.24
4z22	6.24
1ke5	6.25
4bcp	6.25
6czi	6.25
2o4z	6.25
3rf4	6.25
4mcc	6.25
5id1	6.25
3th8	6.25
1wzy	6.25
5vqi	6.25
2q93	6.25
4r3b	6.25
4c35	6.25
1ykr	6.25
1zky	6.25
1gnm	6.25
3wf9	6.25
4ib5	6.25
3wqm	6.25
3q5h	6.25
4y29	6.25
4inh	6.25
3oap	6.26
5kbh	6.26
4qzx	6.26
4enx	6.26
4bfz	6.26
4li5	6.26
3rhk	6.26
2ql7	6.26
5k6s	6.26
2hdx	6.26
1wcq	6.26
6f1n	6.26
5swf	6.26
4r4t	6.26
5oku	6.26
5cxz	6.26
1oyn	6.26
5fpu	6.26
4ua8	6.26
2ok1	6.26
4gb9	6.27
3zjv	6.27
6aol	6.27
4ay5	6.27
3wix	6.27
1pbq	6.27
4qwx	6.27
1inq	6.27
5jiy	6.27
4wvs	6.27
3pka	6.27
4f0c	6.27
3bfu	6.27
4qwk	6.27
3rx5	6.27
5arf	6.27
2j94	6.27
2wu7	6.28
1w3l	6.28
4rd6	6.28
5ix0	6.28
3v0p	6.28
3opp	6.28
4bgk	6.28
3p7a	6.28
4djw	6.28
1ol2	6.28
3oc0	6.28
5dxb	6.28
2viv	6.28
4zb6	6.28
1afl	6.28
2esm	6.28
3wnt	6.28
4qw7	6.28
5lz7	6.28
6afj	6.28
1gui	6.28
5w6o	6.28
5bnr	6.28
4abu	6.28
5t1k	6.28
6bgu	6.28
2aog	6.28
1g50	6.28
3wnr	6.28
1g6g	6.28
2wo8	6.28
2gfd	6.28
2hai	6.28
6e8m	6.28
5i86	6.28
6bjo	6.29
3h8b	6.29
3ipy	6.29
5kpl	6.29
4lj5	6.29
4n84	6.29
3v2q	6.29
6elo	6.29
5vsc	6.29
4qt0	6.29
5t2t	6.29
3g3n	6.29
4n7u	6.29
3f48	6.29
4r06	6.29
5kmf	6.29
4wj5	6.29
2g0g	6.29
2xyt	6.29
3vhv	6.29
4fjz	6.29
4d8z	6.29
6ekn	6.29
4cfw	6.29
5vqy	6.29
4y2x	6.29
1yyr	6.29
4jju	6.29
1w25	6.3
1oxq	6.3
1zh7	6.3
5ar5	6.3
5htl	6.3
2fda	6.3
4q08	6.3
4url	6.3
5ajy	6.3
1h24	6.3
6f5m	6.3
3qcj	6.3
3vzd	6.3
4oag	6.3
4f63	6.3
2vrj	6.3
2oi2	6.3
4a9m	6.3
6ayd	6.3
5wqk	6.3
4zfi	6.3
4pow	6.3
2y4l	6.3
1a2c	6.3
3ls4	6.3
4wq2	6.3
5dhu	6.3
6hu3	6.3
4yfi	6.3
4dj7	6.3
2oyl	6.3
2f3r	6.3
4kio	6.3
1a5h	6.3
1m5c	6.3
4alg	6.3
5nb6	6.3
1wdn	6.3
6gy1	6.3
3g1m	6.3
2w8f	6.3
1c7e	6.3
3t70	6.3
1c9d	6.3
5kqd	6.3
5n3w	6.3
4oq5	6.3
5brn	6.3
5ih5	6.3
3o23	6.3
2r3f	6.3
3meu	6.3
1lag	6.3
3t4v	6.3
4fgy	6.3
3mea	6.3
5w73	6.3
4aaw	6.3
2vgo	6.3
5hmy	6.3
2or9	6.3
2v0n	6.3
3me9	6.3
2nwn	6.3
1hqh	6.3
6axb	6.3
4bw3	6.3
2zv2	6.3
4kil	6.3
4uyh	6.3
5d25	6.3
4e1k	6.3
1wm1	6.3
1pwp	6.3
1d4p	6.3
1gqs	6.3
3ql9	6.3
6ce2	6.3
3s7b	6.3
2w4i	6.3
4nah	6.31
4cpy	6.31
3q44	6.31
4bg1	6.31
4e1e	6.31
5gmh	6.31
3ur9	6.31
2pvu	6.31
4pvo	6.31
2bal	6.31
5lyh	6.31
5ey8	6.31
4ovz	6.31
4ufz	6.31
4der	6.31
1nja	6.31
5lss	6.31
4z6i	6.31
4qt2	6.32
3el7	6.32
3ckt	6.32
4qq5	6.32
3m3r	6.32
3w9k	6.32
4awq	6.32
1w3j	6.32
2zga	6.32
3ebh	6.32
4ztq	6.32
5ekm	6.32
4mgc	6.32
1t69	6.32
6upj	6.32
5nk7	6.33
1c29	6.33
5l3f	6.33
1ex8	6.33
5u4d	6.33
1yys	6.33
4zvi	6.33
3nsh	6.33
3hv3	6.33
3u8d	6.33
1c8v	6.33
5n8w	6.33
1xhm	6.33
5mrb	6.33
4nbl	6.33
5fue	6.33
5nu5	6.33
4v0i	6.33
4nk3	6.33
4i0z	6.33
3dxk	6.33
6bgx	6.33
5ab9	6.33
4lkm	6.34
3cj5	6.34
3iut	6.34
1bdq	6.34
6da4	6.34
6ffh	6.34
1xq0	6.34
5bms	6.34
4pnr	6.34
5up0	6.34
1w9v	6.34
5m04	6.34
5ewz	6.34
6d5j	6.34
5elz	6.34
4j3u	6.34
5kbe	6.34
2byi	6.34
5k8v	6.34
4hev	6.34
4z0k	6.34
6bin	6.34
5k5e	6.35
4eo4	6.35
3eid	6.35
5tuq	6.35
5duc	6.35
3ed0	6.35
2p09	6.35
5a2k	6.35
3fvh	6.35
3fr5	6.35
5ivv	6.35
4i67	6.35
5lz5	6.35
2j7f	6.35
2qpj	6.35
2f2c	6.35
4i0f	6.35
4zpe	6.35
5vcz	6.35
1o48	6.35
6cvf	6.35
4qw5	6.35
1yrs	6.35
4hl5	6.35
3ckp	6.35
3ctt	6.35
1gjb	6.35
1gjc	6.35
1fta	6.36
5ant	6.36
1c5q	6.36
3t6j	6.36
5d3x	6.36
4mg7	6.36
4iti	6.36
4mk7	6.36
3oku	6.36
1ela	6.36
5in9	6.36
1o2o	6.36
4psq	6.36
5hm0	6.36
4j4v	6.36
3uwo	6.36
5xo7	6.36
4j0y	6.36
6abp	6.36
5ucj	6.36
1o49	6.36
3g90	6.36
3t6b	6.36
4gw1	6.37
6eab	6.37
5vb6	6.37
2w9h	6.37
2qpq	6.37
5vll	6.37
5d0r	6.37
1hbv	6.37
5qbv	6.37
5fdg	6.37
4mpe	6.37
5u7l	6.37
1hms	6.37
5klz	6.37
3ui2	6.37
4mm4	6.37
1g3f	6.37
3qlm	6.37
5tln	6.37
2q9n	6.37
1gx8	6.37
3o88	6.37
4tki	6.38
3hau	6.38
1xm6	6.38
4u6x	6.38
4f3h	6.38
1qja	6.38
4yyt	6.38
5v7a	6.38
4nzn	6.38
2hkf	6.38
2er0	6.38
6m8y	6.38
1ukh	6.38
2ybu	6.38
3oqk	6.38
2wcg	6.38
6equ	6.38
2q2c	6.38
1xnx	6.38
4unn	6.38
3ess	6.39
3v7d	6.39
5nze	6.39
1ocn	6.39
6bgz	6.39
1o79	6.39
5ylt	6.39
6gf9	6.39
5eom	6.39
4i12	6.39
5khk	6.39
4q4p	6.39
6bkx	6.39
5xqx	6.39
4yoj	6.39
1xog	6.39
6csq	6.39
3sfi	6.4
5wa7	6.4
5hz8	6.4
4jj7	6.4
4zxy	6.4
2waj	6.4
1g7v	6.4
5uk8	6.4
6gvz	6.4
4u79	6.4
5l8y	6.4
4cff	6.4
4pmp	6.4
6f92	6.4
2zdl	6.4
4qtc	6.4
5f1u	6.4
2c1b	6.4
4xy8	6.4
5dgm	6.4
4p02	6.4
1usk	6.4
2o2u	6.4
3ll8	6.4
1jrs	6.4
2zaz	6.4
4afj	6.4
5iuh	6.4
4e26	6.4
1igb	6.4
3tf6	6.4
1yvm	6.4
3kmc	6.4
5l9h	6.4
2a4l	6.4
4cga	6.4
2qqs	6.4
4eu0	6.4
4mss	6.4
1a1b	6.4
2n9x	6.4
5a4e	6.4
4je7	6.4
5wdc	6.4
2nno	6.4
3s72	6.4
4whl	6.4
1nzv	6.4
3zll	6.4
10gs	6.4
4hcv	6.4
4yv9	6.4
2jbk	6.4
4pax	6.4
4xbd	6.4
3dz4	6.4
2y8c	6.4
5ura	6.4
4c7t	6.4
6fel	6.4
4rse	6.4
5nsx	6.4
1fq4	6.4
5g61	6.4
1upk	6.4
1i7z	6.4
4r1y	6.4
3szm	6.4
5e0l	6.4
3o3j	6.4
3pn3	6.4
5vqv	6.4
4o3u	6.4
1a1c	6.4
5c5h	6.4
6bny	6.4
4mbc	6.4
4dpf	6.4
2g9q	6.4
1rth	6.4
6ar2	6.41
4o2f	6.41
5u7j	6.41
1pye	6.41
5jxn	6.41
2xxn	6.41
3k5x	6.41
4o1b	6.41
3r17	6.41
2oj9	6.41
2wmw	6.41
2zdm	6.41
5c20	6.41
5wre	6.41
5ihh	6.41
4zuo	6.41
3mxy	6.41
1xor	6.41
5cvd	6.41
2cgf	6.41
4b5b	6.41
1i80	6.41
4j0r	6.41
4jq7	6.41
4m5o	6.42
1tl1	6.42
5x62	6.42
3rkb	6.42
6eiq	6.42
5mm9	6.42
2fw3	6.42
1o5a	6.42
3is9	6.42
4i5p	6.42
2y36	6.42
4ufh	6.42
1r17	6.42
2jle	6.42
4itj	6.42
4x1n	6.42
6hvi	6.42
5ugg	6.42
1w0y	6.42
1t46	6.43
6g9u	6.43
4cik	6.43
5w8j	6.43
5yy4	6.43
2cia	6.43
4z2j	6.43
4nh9	6.43
3v3l	6.43
6eo0	6.43
2q94	6.43
2ivu	6.43
2b07	6.43
4d3h	6.43
2fqo	6.43
6eqs	6.43
1nax	6.43
2bzz	6.43
4wsk	6.43
3ask	6.43
4deb	6.43
6eeo	6.43
1fh9	6.43
4q4r	6.43
4ge1	6.43
5al2	6.44
4da5	6.44
4tjy	6.44
4qaa	6.44
3pfp	6.44
3d7m	6.44
5vfd	6.44
4q3u	6.44
3zmq	6.44
3wyj	6.44
2y59	6.44
5ny1	6.44
1svh	6.44
1jqe	6.44
5wef	6.44
4oya	6.44
4jg6	6.44
4ea1	6.44
1j4q	6.44
4jfk	6.44
4pde	6.44
5ivy	6.44
5fdo	6.44
1qti	6.44
2m0u	6.44
6ekd	6.44
5w84	6.44
4l2k	6.44
4jfx	6.44
2pvm	6.44
4fmu	6.44
2jh5	6.44
4os6	6.44
3ffu	6.44
5wbl	6.44
2vqj	6.44
6hqy	6.44
4kwo	6.45
3qw5	6.45
5fut	6.45
3d32	6.45
5m7m	6.45
5jss	6.45
1m2r	6.46
3zy2	6.46
5efj	6.46
1ro6	6.46
4w4y	6.46
4ymh	6.46
5o91	6.46
2xdx	6.46
5fl0	6.46
3anr	6.46
2c6m	6.46
3i6m	6.46
2vwu	6.46
5iwg	6.46
4dgn	6.46
5hka	6.46
1gt3	6.46
3tnh	6.46
5vb5	6.46
4hyb	6.46
5dbm	6.46
2ohv	6.46
2xd9	6.46
5ap4	6.46
3kdu	6.46
3o8p	6.46
7abp	6.46
4x2i	6.46
1wbn	6.46
2y4m	6.46
3pd8	6.46
4n07	6.46
2xu4	6.47
3s78	6.47
1bxl	6.47
3gcq	6.47
5j8u	6.47
5nsp	6.47
6d8e	6.47
3zh8	6.47
1o9k	6.47
4zji	6.47
2o64	6.47
4uv8	6.47
4mq6	6.47
6b4l	6.47
5mes	6.47
4mhy	6.47
5cgv	6.47
4jzb	6.47
4aft	6.47
3tfp	6.47
4ju4	6.47
1wbt	6.47
5c11	6.47
5ai1	6.47
4zhl	6.47
4psx	6.47
2w71	6.48
4n7e	6.48
1q9m	6.48
5mfs	6.48
5may	6.48
6fe0	6.48
2nqg	6.48
4nat	6.48
1rpj	6.48
3gsm	6.48
2oz5	6.48
4yoi	6.48
4q3t	6.48
3cph	6.48
3nc9	6.48
2wnj	6.48
5yyf	6.48
2hz0	6.48
3ieo	6.48
3ogx	6.48
5fq9	6.48
2w6p	6.48
5gic	6.48
4kon	6.48
4pvv	6.48
2f89	6.48
4mg8	6.48
1f4g	6.48
2q2n	6.48
3g3r	6.48
4e67	6.48
4brx	6.49
5ar7	6.49
3mho	6.49
3qar	6.49
3u6a	6.49
4mwb	6.49
3bft	6.49
5tuo	6.49
5cu4	6.49
1ru2	6.49
4z68	6.49
3h0j	6.49
3qel	6.49
2ygu	6.49
2h02	6.49
1s4d	6.49
2qf6	6.49
3muf	6.49
3u8h	6.49
4eoy	6.49
3mj5	6.49
3bum	6.49
1fsw	6.49
5h19	6.49
5xhz	6.49
4yee	6.49
1dl7	6.49
6dqb	6.49
5i2f	6.49
5nw2	6.49
5vnd	6.49
4gv8	6.49
1xa5	6.5
2g72	6.5
4ith	6.5
3qcs	6.5
4mw4	6.5
5kew	6.5
5tt8	6.5
4oc0	6.5
4qws	6.5
2gj4	6.5
4yxi	6.5
5j31	6.51
5jvi	6.51
2jdh	6.51
4zbi	6.51
4e3o	6.51
3hv4	6.51
1vwf	6.51
3hf8	6.51
5fdp	6.51
2usn	6.51
5kqf	6.51
2jkt	6.51
2xjj	6.51
1h3c	6.51
5lgt	6.51
6faf	6.51
6bix	6.51
4bo9	6.51
3r93	6.51
3k5u	6.51
5t8o	6.51
4nka	6.51
2wtc	6.51
2o4h	6.52
3ljj	6.52
2w0p	6.52
4og5	6.52
5kau	6.52
3p4q	6.52
4bo3	6.52
4ezo	6.52
3o9p	6.52
1zhy	6.52
2zft	6.52
4uj1	6.52
4fiv	6.52
2pfy	6.52
2h4g	6.52
4dkr	6.52
5zia	6.52
2f9b	6.52
3hjo	6.52
2fx8	6.52
4zeb	6.52
2off	6.52
4krs	6.52
2jql	6.52
2w73	6.52
4qps	6.52
2ima	6.52
5fqb	6.52
5est	6.52
4tzn	6.52
4dko	6.52
3zm6	6.52
3dx3	6.52
4ydq	6.52
1ct8	6.52
3g2v	6.52
4qme	6.52
5etr	6.52
2rc8	6.52
2gz7	6.52
6axk	6.52
5wfm	6.52
1k9s	6.52
2ntf	6.52
4bqx	6.52
2oxy	6.52
6eum	6.52
1k3q	6.52
2vev	6.52
1alw	6.52
3hio	6.52
5wap	6.52
1gt4	6.52
3rwf	6.52
1w1d	6.52
5fcw	6.52
3bva	6.52
6fkp	6.52
3qkk	6.52
1mqh	6.52
1rsd	6.52
4tzq	6.52
2nn7	6.52
1qy1	6.52
5nw0	6.52
2v3e	6.52
1m21	6.52
1h28	6.52
4aig	6.52
4ez5	6.52
2p7g	6.53
3ama	6.53
4qvl	6.53
5a0e	6.53
5alm	6.53
2evc	6.54
3pvu	6.54
5zh2	6.54
4w9k	6.54
4pv5	6.54
4pl3	6.54
3exf	6.54
4a4v	6.54
3hii	6.54
5wdw	6.54
2zfs	6.54
4rfr	6.54
3mxc	6.54
5lsy	6.54
1d3q	6.54
3d0b	6.54
6eeh	6.54
5n69	6.54
3sl8	6.54
1hvy	6.54
4ps5	6.54
2zhd	6.54
4u90	6.54
3fuz	6.54
2jdk	6.54
1zz3	6.54
4leq	6.54
3g4k	6.54
5hk9	6.54
4ht2	6.54
3piy	6.54
2zns	6.54
1h39	6.54
3sr4	6.54
5cqu	6.54
5cxi	6.55
3s0e	6.55
1q4k	6.55
5ijj	6.55
4clb	6.55
4og3	6.55
2uw6	6.55
2n27	6.55
4k42	6.55
1umw	6.55
1dhj	6.55
2i3v	6.55
1yda	6.55
5he3	6.55
5he1	6.55
4tkf	6.55
5z95	6.55
1hmr	6.55
6ea2	6.55
5hyx	6.55
1yc4	6.55
4x2s	6.55
1h3a	6.55
5sym	6.55
3cho	6.55
4frj	6.55
2fgh	6.55
4iue	6.55
4o9s	6.55
4lnb	6.56
5u2e	6.56
6f3b	6.56
2khh	6.56
5yyb	6.56
4db7	6.56
6df1	6.56
3lc5	6.57
1zub	6.57
1ft4	6.57
2hzl	6.57
1sld	6.57
5aln	6.57
2fqy	6.57
4x68	6.57
5g1a	6.57
4nnn	6.57
3cm7	6.57
6biz	6.57
3wci	6.57
4byj	6.57
4ge5	6.57
4la7	6.57
1y2c	6.57
5nwk	6.57
3qox	6.57
4mzo	6.57
3tfn	6.57
4l0i	6.57
6bky	6.57
2m3z	6.57
5jnl	6.57
6ecz	6.57
2r9b	6.57
1gzv	6.57
3rbm	6.57
1ujk	6.57
3cgf	6.57
5vcy	6.57
5lpr	6.57
4py2	6.57
4fs4	6.57
4zum	6.57
5em5	6.58
3pb9	6.58
5itd	6.58
2p7z	6.58
5l4i	6.59
3kah	6.59
5vja	6.59
2pwr	6.59
2v7d	6.59
1b58	6.59
4qmq	6.59
1fiv	6.59
5e0a	6.59
4dea	6.59
1hk3	6.59
4bnz	6.59
2pvh	6.59
1qr3	6.59
3wcl	6.59
4xas	6.59
1c3e	6.59
3gs6	6.59
4j51	6.59
2e91	6.59
5v3x	6.59
5jsm	6.59
5ew0	6.59
6ea1	6.59
5kbr	6.59
1c2t	6.59
1izi	6.59
6dud	6.59
3tl0	6.59
2byh	6.59
4rn0	6.59
1mq1	6.59
5akh	6.59
5ddd	6.59
5gjf	6.59
6hdo	6.6
4bib	6.6
3eyl	6.6
2c5x	6.6
2wly	6.6
4wpf	6.6
2f7p	6.6
4pnk	6.6
3dln	6.6
4mr6	6.6
1vot	6.6
5lqf	6.6
4ci1	6.6
2a4z	6.6
2euk	6.6
4dkq	6.6
4mr5	6.6
3jzp	6.6
4x8o	6.6
6c2y	6.6
1g7g	6.6
2j4g	6.6
1ad8	6.6
1zpc	6.6
5nw1	6.6
2c5y	6.6
2xhx	6.6
2gtk	6.6
5z7j	6.6
4f08	6.6
6ccq	6.6
3dgl	6.6
6bh5	6.6
4h75	6.6
4efu	6.6
2gg5	6.6
2y77	6.6
3cwk	6.6
3ip6	6.6
4zzd	6.6
3mpt	6.6
2jdp	6.6
5k48	6.6
4qk4	6.6
3tu1	6.6
4ybi	6.6
1jzs	6.6
2gg2	6.6
6d5g	6.6
3ejs	6.6
1kwr	6.6
4oc1	6.6
5igq	6.6
4bie	6.6
4muk	6.6
5l7e	6.6
4qw3	6.61
3mo2	6.61
5ai9	6.61
3kig	6.61
3f7u	6.61
4nnw	6.61
3rjm	6.61
6gfy	6.61
2zb0	6.62
4znx	6.62
1xnz	6.62
1tkz	6.62
5syn	6.62
4unq	6.62
1soj	6.62
5q0j	6.62
5unj	6.62
5yjp	6.62
3ka2	6.62
5v42	6.62
4gfo	6.62
4mpn	6.62
1afk	6.62
5ejl	6.62
6g38	6.62
5t37	6.62
5mw3	6.62
6eqv	6.62
4x8n	6.62
4rd0	6.62
2vwc	6.62
2jgs	6.62
3opm	6.62
5t1l	6.62
2ews	6.62
1jd5	6.62
2cnf	6.62
2zq1	6.62
8lpr	6.62
5l6h	6.62
1s3k	6.62
1kkq	6.62
3umx	6.62
2vww	6.62
3m93	6.62
3aav	6.62
5o9h	6.62
1ii5	6.62
5op2	6.62
2qlq	6.63
4xrq	6.63
3os3	6.63
4nw7	6.63
6elp	6.63
4xip	6.63
2exc	6.63
4pv7	6.63
6b97	6.63
3wf8	6.63
3arb	6.63
2x7t	6.63
4lyw	6.63
5u2c	6.63
3f8f	6.63
3eoc	6.64
2kpl	6.64
3zy5	6.64
5l3j	6.64
5abp	6.64
2wap	6.64
4cc6	6.64
2wi6	6.64
2srt	6.64
4io8	6.64
2b1g	6.64
5y8w	6.64
5lcj	6.64
5ul1	6.64
2h96	6.64
5ko1	6.64
2gej	6.64
2oi3	6.64
3g76	6.64
3fee	6.64
5jap	6.64
5nu3	6.64
1lcp	6.64
5i2e	6.64
6czv	6.64
1sln	6.64
3b26	6.64
2wbd	6.64
4e8z	6.64
5nk8	6.64
6dxx	6.64
2za0	6.64
4rxe	6.64
2d3z	6.64
6cwn	6.65
4yha	6.65
4j08	6.66
3zj6	6.66
6biy	6.66
5mz3	6.66
4z7h	6.66
4yqu	6.66
4izm	6.66
6g6y	6.66
1h3h	6.66
6giu	6.66
2v5x	6.66
6g6z	6.66
4zjw	6.66
1elc	6.66
5wyx	6.66
1cps	6.66
5cls	6.66
2zm1	6.66
5cy9	6.66
1o3p	6.66
2c8x	6.66
6htt	6.66
3lnj	6.66
5wzt	6.66
5m6f	6.66
4ps1	6.66
2j7w	6.66
2c5n	6.66
1a4r	6.66
4y24	6.66
4e96	6.66
3uat	6.66
6dar	6.66
6c5q	6.66
4z2g	6.66
5n9t	6.66
5nxi	6.66
1wur	6.66
5mja	6.66
5g6u	6.66
3pwd	6.66
4v27	6.66
6bfw	6.66
1pxp	6.66
3g19	6.67
5o11	6.67
5op5	6.67
5fho	6.67
2etm	6.67
5cav	6.67
6ee6	6.67
3ew2	6.67
4yl1	6.67
6ayi	6.68
1mai	6.68
5h6v	6.68
2fqw	6.68
1zeo	6.68
4wpn	6.68
5y0f	6.68
1c5x	6.68
3ie3	6.68
4h4e	6.68
1oiu	6.68
2qp6	6.68
5l2w	6.68
4l2g	6.68
2qbs	6.68
2cm7	6.68
4qmz	6.68
6bgw	6.68
5wzv	6.68
3su1	6.68
3lpf	6.68
5y5t	6.68
2of2	6.68
3zhx	6.68
2wtd	6.68
2rcu	6.68
3o75	6.68
3dab	6.68
4ca8	6.68
4ttv	6.68
4ew2	6.68
4rrs	6.68
5t90	6.68
4h39	6.68
3qa2	6.68
3ws8	6.68
4q6r	6.68
2ony	6.68
5a6x	6.69
4b4m	6.69
3wf7	6.69
5fs5	6.69
5yhe	6.69
5alf	6.69
2jew	6.69
5m0s	6.69
2xn5	6.69
5ho6	6.69
5g5v	6.7
3mb7	6.7
1f3e	6.7
1nms	6.7
5y0g	6.7
2is0	6.7
4bo0	6.7
5i5x	6.7
4m14	6.7
1hp0	6.7
5nvv	6.7
2fwy	6.7
4io2	6.7
6eda	6.7
6ftn	6.7
1z6q	6.7
1gca	6.7
1lfo	6.7
2lcs	6.7
4jyc	6.7
4mw2	6.7
2x7d	6.7
4apr	6.7
6ebe	6.7
1rek	6.7
2emt	6.7
1dfo	6.7
5dhj	6.7
5lc0	6.7
5v1d	6.7
1xdd	6.7
5v84	6.7
4fns	6.7
1a09	6.7
3rk7	6.7
1mwn	6.7
6fyi	6.7
2va7	6.7
6f2n	6.7
5kcx	6.7
2ow0	6.7
3pck	6.7
3zs0	6.7
3hzk	6.7
2j2i	6.7
3eko	6.7
4o1l	6.7
4qtb	6.7
4uns	6.7
2lkk	6.7
6e4w	6.7
1kf6	6.7
4azy	6.7
6ciy	6.7
1p10	6.7
2py4	6.7
1i7i	6.7
1b0h	6.7
4lh5	6.7
2oxx	6.7
4tzm	6.7
5l6j	6.7
4qhc	6.7
4os2	6.7
4qta	6.7
5tgc	6.7
4mue	6.7
6g5j	6.7
4jz1	6.7
5g17	6.7
4jjs	6.7
2a5s	6.7
1unl	6.7
5mmn	6.7
3t64	6.7
6nao	6.7
1nki	6.7
1xr8	6.7
4ewn	6.7
4m13	6.7
2kup	6.7
4hy0	6.7
1a50	6.7
4lkj	6.7
3oyl	6.7
6d28	6.7
5tt3	6.71
4jrg	6.71
5u2f	6.71
6ghh	6.71
4og6	6.71
4pvy	6.71
5op4	6.71
5odx	6.71
5z89	6.71
1w82	6.71
4cd5	6.71
5kls	6.71
4bb4	6.72
3diw	6.72
3bxz	6.72
5ng9	6.72
6dge	6.72
4flp	6.72
2jdu	6.72
3g7l	6.72
4lwc	6.72
1rbp	6.72
5fwg	6.72
6fo5	6.72
2rt5	6.72
5tqe	6.72
4dvi	6.72
4dv9	6.72
6etj	6.72
4xv9	6.72
4i73	6.72
4raq	6.72
5o58	6.72
3bm9	6.72
5e1m	6.72
5vb7	6.72
5ya5	6.72
4o0a	6.72
6ht8	6.72
6hu1	6.72
2pjl	6.72
3gst	6.72
1ov3	6.72
5izk	6.72
2x8i	6.72
2xne	6.72
4i74	6.72
4uia	6.72
1n4m	6.72
5v3y	6.72
4r5b	6.73
5gvm	6.73
4pum	6.73
5am6	6.73
4a51	6.73
1wvj	6.73
2cma	6.73
5js3	6.73
4kby	6.73
5aly	6.73
1jld	6.73
2q8s	6.73
1tmb	6.74
3oim	6.74
4ylk	6.74
4cy1	6.74
5xsu	6.74
4wlb	6.74
1r5h	6.74
3fh8	6.74
4bo6	6.74
2wxf	6.74
5fv7	6.74
3heg	6.74
2zgx	6.74
5yu9	6.74
4p4e	6.74
4lxz	6.74
2zc9	6.74
4zpf	6.74
4wmu	6.74
2x91	6.74
3s0n	6.74
5u7m	6.74
2p3d	6.74
3q6s	6.74
2vj9	6.74
5nk2	6.74
3pdq	6.74
6bgv	6.74
3r21	6.74
3anq	6.74
5uzk	6.74
4ca6	6.74
3n6k	6.74
3pdh	6.74
6htz	6.74
5ih8	6.74
3wav	6.74
2uzd	6.74
4ew3	6.74
4lg6	6.74
1add	6.74
5j27	6.74
3fzy	6.74
4j0t	6.74
2azc	6.74
5za9	6.74
4rxz	6.74
3mv5	6.74
2vex	6.74
3dgo	6.74
4odn	6.74
5x73	6.74
2x9e	6.74
3m67	6.74
3ikd	6.75
1h5u	6.75
6fa5	6.75
4ci2	6.75
3ekq	6.75
6faa	6.75
4pvx	6.76
5wa9	6.76
1w22	6.76
4jzf	6.76
5q0u	6.76
4b4g	6.76
1rw8	6.76
4fn5	6.76
5jmw	6.76
5klt	6.76
4dce	6.76
2on6	6.76
5nr8	6.76
4hlc	6.76
6f9v	6.76
1ony	6.77
1o30	6.77
4x63	6.77
5ecv	6.77
2w10	6.77
3fas	6.77
3fvn	6.77
5ayt	6.77
4x48	6.77
1qb1	6.77
5khi	6.77
3evf	6.77
4hlm	6.77
3zcz	6.77
1o3k	6.77
5fh8	6.77
1bzh	6.77
4zup	6.77
2jdt	6.77
1o3j	6.77
1mqd	6.77
5ngs	6.77
2hyy	6.77
2xb9	6.77
2piz	6.77
2vo7	6.77
1hk2	6.77
2x2m	6.77
4loi	6.77
1bkj	6.77
5jrq	6.77
5c26	6.77
5ugh	6.77
1ms7	6.77
1om1	6.77
3gjt	6.77
2rvn	6.77
4i10	6.77
5mi5	6.77
5nvz	6.77
5uzj	6.78
3fal	6.78
3l9l	6.78
3gcu	6.78
5zaf	6.78
5ahu	6.78
3kyf	6.78
4wy7	6.78
4ui5	6.78
3su0	6.79
5nrf	6.79
4i9s	6.79
4xnv	6.79
4l31	6.79
2rcb	6.79
5dy5	6.79
5y94	6.79
1ung	6.8
5vlh	6.8
1okx	6.8
6bsm	6.8
4j0a	6.8
4g2f	6.8
1fl3	6.8
3fv8	6.8
4l7f	6.8
3uvk	6.8
5fqt	6.8
2xhm	6.8
1mkd	6.8
3fui	6.8
4wno	6.8
1nq7	6.8
3fx6	6.8
1bl6	6.8
3sdk	6.8
4qo9	6.8
1y2e	6.8
5acb	6.8
5j8m	6.8
2i0v	6.8
3mbp	6.8
3kc3	6.8
2n3k	6.8
2ai8	6.8
3uib	6.8
3c4c	6.8
3zke	6.8
6eo9	6.8
5y8c	6.8
3ihz	6.8
4aro	6.8
6ej4	6.8
3qn7	6.8
1ttv	6.8
2xnm	6.8
4u0s	6.8
5elv	6.8
2xm8	6.8
5a83	6.8
5l72	6.8
3qcq	6.8
3mo0	6.81
5etx	6.81
2f3e	6.81
4ci3	6.81
5zae	6.81
2uwp	6.81
4m48	6.81
4eqf	6.81
5wlt	6.81
3bc3	6.81
5vo2	6.81
1fsy	6.82
3tdz	6.82
5nf5	6.82
3t5i	6.82
1nnu	6.82
2mwy	6.82
5hyq	6.82
2v5a	6.82
3kb3	6.82
5vcv	6.82
3cqu	6.82
5wev	6.82
5ylv	6.82
3dnj	6.82
1o37	6.82
1uwf	6.82
3vf8	6.82
5w9g	6.82
2g97	6.82
3s75	6.82
1k1n	6.82
5j75	6.82
2jk9	6.82
5kr8	6.82
1jeu	6.82
3ufl	6.82
4gkc	6.82
5dt2	6.82
1drk	6.82
4cku	6.82
1hgt	6.82
2r9s	6.82
2b1i	6.82
4lm5	6.82
4nue	6.82
5he0	6.82
4gy5	6.82
1fhd	6.82
1lrh	6.82
4qy3	6.82
2rfh	6.82
2etr	6.82
4h4d	6.82
5htc	6.82
3m3x	6.82
2pym	6.82
4c8r	6.82
3uix	6.82
3wzp	6.82
3ncg	6.82
6apz	6.82
1o38	6.82
2wk2	6.82
2ath	6.82
2etk	6.82
1s9t	6.82
1tr7	6.82
1n7t	6.82
3s9t	6.82
1db5	6.82
2c94	6.82
2oxd	6.82
2v8w	6.82
2d41	6.82
1pmv	6.82
4w9s	6.82
3ipe	6.82
5jc1	6.82
4oew	6.82
5tjx	6.82
1xh7	6.82
1tze	6.83
3kvx	6.83
4o91	6.83
1htf	6.83
4bcq	6.83
3zo4	6.83
4u91	6.83
2gnh	6.83
5cep	6.84
2y5g	6.84
3du8	6.84
6fr0	6.84
4l0s	6.84
1bhx	6.84
2hxq	6.84
3qio	6.84
3ewj	6.84
5uis	6.84
4pul	6.84
4l32	6.84
3lco	6.84
5mae	6.84
4kn1	6.84
6csr	6.84
5cnj	6.84
1me4	6.84
4nzm	6.85
5div	6.85
1sqc	6.85
2vgp	6.85
1q72	6.85
3emh	6.85
4tkg	6.85
6fnj	6.85
1lkk	6.85
5g1c	6.85
2vtq	6.85
5ie1	6.85
2vto	6.85
1os5	6.85
3rul	6.85
1rv1	6.85
3s8o	6.85
4d85	6.85
3qo2	6.85
6d5e	6.85
1xt8	6.85
1bap	6.85
5j64	6.85
1yw2	6.85
2yc3	6.85
1tvo	6.85
1g30	6.85
1xk9	6.85
4x9w	6.85
5teg	6.85
4ool	6.85
4gye	6.85
5f1v	6.85
5d7c	6.85
2cbr	6.85
3g42	6.85
3iet	6.85
1h3b	6.85
4ybm	6.85
4w9q	6.85
3voz	6.85
3pz3	6.85
6eox	6.85
4hki	6.85
5tz3	6.85
4qtn	6.85
2vd1	6.86
5f3e	6.86
3aid	6.86
5fh7	6.86
5y3o	6.86
5dx4	6.86
3mo5	6.87
3tmk	6.87
5j0d	6.87
6cis	6.87
6gl9	6.87
4mhz	6.87
3qin	6.87
4rvr	6.87
4x1s	6.87
4bco	6.88
5z99	6.88
6el5	6.88
4k43	6.88
3u3u	6.88
4ui3	6.88
4n4s	6.88
2c6n	6.88
4j4n	6.88
4uvc	6.88
4wvl	6.88
5tci	6.88
1i3z	6.88
5l2m	6.89
4op1	6.89
2xu5	6.89
3ljt	6.89
3hu1	6.89
5f67	6.89
5jic	6.89
4g4p	6.89
3py1	6.89
3vsw	6.89
2jnp	6.89
6glb	6.89
4yik	6.89
3hu3	6.89
3py0	6.89
2gvz	6.89
1wqv	6.89
4awk	6.89
2y57	6.89
1qhr	6.89
2yol	6.89
2vk2	6.89
2dri	6.89
1jev	6.89
4bo4	6.89
3r4n	6.89
2x38	6.89
4x8v	6.89
4o76	6.89
2ym7	6.89
3f0r	6.89
5x9p	6.89
2wks	6.89
2iu0	6.89
5h4j	6.89
2f34	6.89
3qip	6.89
5he2	6.89
3psl	6.89
4hn2	6.89
5ewj	6.89
4dvf	6.89
3zrm	6.89
