target_chembl_id	uniprot_id_from_chembl	target_name_from_chembl	target_type_from_chembl
CHEMBL1075026	P22629	Streptavidin	SINGLE PROTEIN
CHEMBL1075027	O85361	B-N-acetylhexosaminidase	SINGLE PROTEIN
CHEMBL1075040	O67648	UDP-3-O-[3-hydroxymyristoyl] N-acetylglucosamine deacetylase	SINGLE PROTEIN
CHEMBL1075041	Q9FV53	Peptide deformylase 1A, chloroplastic	SINGLE PROTEIN
CHEMBL1075045	Q81VW8	Dihydropteroate synthase	SINGLE PROTEIN
CHEMBL1075053	P02754	Beta-lactoglobulin	SINGLE PROTEIN
CHEMBL1075067	P11838	Endothiapepsin	SINGLE PROTEIN
CHEMBL1075088	P45040	Cysteine synthase	SINGLE PROTEIN
CHEMBL1075097	P05089	Arginase-1	SINGLE PROTEIN
CHEMBL1075127	Q96CA5	Baculoviral IAP repeat-containing protein 7	SINGLE PROTEIN
CHEMBL1075132	Q12931	Heat shock protein 75 kDa, mitochondrial	SINGLE PROTEIN
CHEMBL1075152	Q14397	Glucokinase regulatory protein	SINGLE PROTEIN
CHEMBL1075159	Q8RLA6	Beta-lactamase	SINGLE PROTEIN
CHEMBL1075165	Q8NEB9	Phosphatidylinositol 3-kinase catalytic subunit type 3	SINGLE PROTEIN
CHEMBL1075179	P00669	Seminal ribonuclease	SINGLE PROTEIN
CHEMBL1075181	O00764	Pyridoxal kinase	SINGLE PROTEIN
CHEMBL1075256	O32449	Proline iminopeptidase	SINGLE PROTEIN
CHEMBL1075317	P61964	WD repeat-containing protein 5	SINGLE PROTEIN
CHEMBL1075320	C3L5T6	Nicotinate-nucleotide adenylyltransferase	SINGLE PROTEIN
CHEMBL1075323	P14625	Endoplasmin	SINGLE PROTEIN
CHEMBL1163101	O75460	Serine/threonine-protein kinase/endoribonuclease IRE1	SINGLE PROTEIN
CHEMBL1163125	O60885	Bromodomain-containing protein 4	SINGLE PROTEIN
CHEMBL1169593	P26918	Beta-lactamase	SINGLE PROTEIN
CHEMBL1169597	P00349	6-phosphogluconate dehydrogenase, decarboxylating	SINGLE PROTEIN
CHEMBL1169598	P03433	Polymerase acidic protein	SINGLE PROTEIN
CHEMBL1250374	Q9KPI8	5'-methylthioadenosine/S-adenosylhomocysteine nucleosidase	SINGLE PROTEIN
CHEMBL1250378	Q15393	Splicing factor 3B subunit 3	SINGLE PROTEIN
CHEMBL1250408	O88703	Potassium/sodium hyperpolarization-activated cyclic nucleotide-gated channel 2	SINGLE PROTEIN
CHEMBL1255126	O15151	Protein Mdm4	SINGLE PROTEIN
CHEMBL1275212	P50053	Ketohexokinase	SINGLE PROTEIN
CHEMBL1275221	Q96LA8	Protein arginine N-methyltransferase 6	SINGLE PROTEIN
CHEMBL1275223	P11142	Heat shock cognate 71 kDa protein	SINGLE PROTEIN
CHEMBL1287604	Q6XEC0	OXA-48	SINGLE PROTEIN
CHEMBL1287618	P56109	Fructose-bisphosphate aldolase	SINGLE PROTEIN
CHEMBL1287620	P9WQA3	Fructose-bisphosphate aldolase	SINGLE PROTEIN
CHEMBL1287622	Q9Y468	Lethal(3)malignant brain tumor-like protein 1	SINGLE PROTEIN
CHEMBL1293195	P29029	Endochitinase	SINGLE PROTEIN
CHEMBL1293197	Q9BZP6	Acidic mammalian chitinase	SINGLE PROTEIN
CHEMBL1293226	B2RXH2	Lysine-specific demethylase 4D-like	SINGLE PROTEIN
CHEMBL1293229	P22736	Nuclear receptor subfamily 4 group A member 1	SINGLE PROTEIN
CHEMBL1293244	Q79MP6	Beta-lactamase	SINGLE PROTEIN
CHEMBL1293287	P14735	Insulin-degrading enzyme	SINGLE PROTEIN
CHEMBL1293289	P25440	Bromodomain-containing protein 2	SINGLE PROTEIN
CHEMBL1293295	P54578	Ubiquitin carboxyl-terminal hydrolase 14	SINGLE PROTEIN
CHEMBL1293313	Q8IL11	M17 leucyl aminopeptidase	SINGLE PROTEIN
CHEMBL1615381	O00255	Menin	SINGLE PROTEIN
CHEMBL1667695	C7C422	Beta-lactamase NDM-1	SINGLE PROTEIN
CHEMBL1671608	P56470	Galectin-4	SINGLE PROTEIN
CHEMBL1681620	P0A017	Dihydrofolate reductase	SINGLE PROTEIN
CHEMBL1681631	O75608	Acyl-protein thioesterase 1	SINGLE PROTEIN
CHEMBL1741186	P51449	Nuclear receptor ROR-gamma	SINGLE PROTEIN
CHEMBL1741220	Q9UIF8	Bromodomain adjacent to zinc finger domain protein 2B	SINGLE PROTEIN
CHEMBL1744522	Q99814	Endothelial PAS domain-containing protein 1	SINGLE PROTEIN
CHEMBL1744525	P43490	Nicotinamide phosphoribosyltransferase	SINGLE PROTEIN
CHEMBL1764940	P27694	Replication protein A 70 kDa DNA-binding subunit	SINGLE PROTEIN
CHEMBL1764946	O95931	Chromobox protein homolog 7	SINGLE PROTEIN
CHEMBL1770044	P9WKD7	Ribose-5-phosphate isomerase B	SINGLE PROTEIN
CHEMBL1770045	Q9N1E2	Glucose-6-phosphate isomerase	SINGLE PROTEIN
CHEMBL1772929	P9WMC1	HTH-type transcriptional regulator EthR	SINGLE PROTEIN
CHEMBL1781862	Q9BJF5	Calmodulin-domain protein kinase 1	SINGLE PROTEIN
CHEMBL1781865	P11021	78 kDa glucose-regulated protein	SINGLE PROTEIN
CHEMBL1782	P14324	Farnesyl diphosphate synthase	SINGLE PROTEIN
CHEMBL1795116	O14744	Protein arginine N-methyltransferase 5	SINGLE PROTEIN
CHEMBL1795117	Q8TEK3	Histone-lysine N-methyltransferase, H3 lysine-79 specific	SINGLE PROTEIN
CHEMBL1795155	P95276	Epoxide hydrolase	SINGLE PROTEIN
CHEMBL1795176	Q9NQR1	N-lysine methyltransferase SETD8	SINGLE PROTEIN
CHEMBL1795184	Q86U86	Protein polybromo-1	SINGLE PROTEIN
CHEMBL1795185	Q58F21	Bromodomain testis-specific protein	SINGLE PROTEIN
CHEMBL1795187	Q48935	Acetylpolyamine aminohydrolase	SINGLE PROTEIN
CHEMBL1800	P34998	Corticotropin releasing factor receptor 1	SINGLE PROTEIN
CHEMBL1801	P00747	Plasminogen	SINGLE PROTEIN
CHEMBL1803	P20701	Leukocyte adhesion glycoprotein LFA-1 alpha	SINGLE PROTEIN
CHEMBL1808	P12821	Angiotensin-converting enzyme	SINGLE PROTEIN
CHEMBL1824	P04626	Receptor protein-tyrosine kinase erbB-2	SINGLE PROTEIN
CHEMBL1825	P01375	TNF-alpha	SINGLE PROTEIN
CHEMBL1826	P0AES6	DNA gyrase subunit B	SINGLE PROTEIN
CHEMBL1827	O76074	Phosphodiesterase 5A	SINGLE PROTEIN
CHEMBL1830	P23921	Ribonucleoside-diphosphate reductase M1 chain	SINGLE PROTEIN
CHEMBL1833	P41595	Serotonin 2b (5-HT2b) receptor	SINGLE PROTEIN
CHEMBL1841	P06241	Tyrosine-protein kinase FYN	SINGLE PROTEIN
CHEMBL1844	P07333	Macrophage colony stimulating factor receptor	SINGLE PROTEIN
CHEMBL1860	P10827	Thyroid hormone receptor alpha	SINGLE PROTEIN
CHEMBL1862	P00519	Tyrosine-protein kinase ABL	SINGLE PROTEIN
CHEMBL1865	Q9UBN7	Histone deacetylase 6	SINGLE PROTEIN
CHEMBL1868	P17948	Vascular endothelial growth factor receptor 1	SINGLE PROTEIN
CHEMBL1871	P10275	Androgen Receptor	SINGLE PROTEIN
CHEMBL1892	Q04609	Glutamate carboxypeptidase II	SINGLE PROTEIN
CHEMBL1902	P62942	FK506-binding protein 1A	SINGLE PROTEIN
CHEMBL1904	Q13224	Glutamate [NMDA] receptor subunit epsilon 2	SINGLE PROTEIN
CHEMBL1905	P05556	Fibronectin receptor beta	SINGLE PROTEIN
CHEMBL1907	P15144	Aminopeptidase N	SINGLE PROTEIN
CHEMBL1907598	P05106,P06756	Integrin alpha-V/beta-3	PROTEIN COMPLEX
CHEMBL1907608	P35439,Q00959,Q00960,Q00961,Q62645,Q8VHN2,Q9R1M7	Glutamate NMDA receptor	PROTEIN COMPLEX GROUP
CHEMBL1908385	P9WI81	Serine/threonine-protein kinase pknB	SINGLE PROTEIN
CHEMBL1908389	Q12852	Mitogen-activated protein kinase kinase kinase 12	SINGLE PROTEIN
CHEMBL1909482	P31947	14-3-3 protein sigma	SINGLE PROTEIN
CHEMBL1914	P06276	Butyrylcholinesterase	SINGLE PROTEIN
CHEMBL1918	P39086	Glutamate receptor ionotropic kainate 1	SINGLE PROTEIN
CHEMBL1921666	P0A0K8	DNA gyrase subunit B	SINGLE PROTEIN
CHEMBL1926	P16184	Dihydrofolate reductase	SINGLE PROTEIN
CHEMBL1926492	Q5TCY1	Tau-tubulin kinase 1	SINGLE PROTEIN
CHEMBL1932891	O95372	Acyl-protein thioesterase 2	SINGLE PROTEIN
CHEMBL1935	P05091	Aldehyde dehydrogenase	SINGLE PROTEIN
CHEMBL1936	P10721	Stem cell growth factor receptor	SINGLE PROTEIN
CHEMBL1937	Q92769	Histone deacetylase 2	SINGLE PROTEIN
CHEMBL1938211	O15054	Lysine-specific demethylase 6B	SINGLE PROTEIN
CHEMBL1938217	Q8NB16	Mixed lineage kinase domain-like protein	SINGLE PROTEIN
CHEMBL1944	P08473	Neprilysin	SINGLE PROTEIN
CHEMBL1944497	Q8WSF8	Soluble acetylcholine receptor	SINGLE PROTEIN
CHEMBL1947	P10828	Thyroid hormone receptor beta-1	SINGLE PROTEIN
CHEMBL1949	P62937	Cyclophilin A	SINGLE PROTEIN
CHEMBL1949488	Q96C86	Scavenger mRNA-decapping enzyme DcpS	SINGLE PROTEIN
CHEMBL1952	P04818	Thymidylate synthase	SINGLE PROTEIN
CHEMBL1957	P08069	Insulin-like growth factor I receptor	SINGLE PROTEIN
CHEMBL1962	P14867	GABA receptor alpha-1 subunit	SINGLE PROTEIN
CHEMBL1977	P11473	Vitamin D receptor	SINGLE PROTEIN
CHEMBL1981	P06213	Insulin receptor	SINGLE PROTEIN
CHEMBL1985	P47871	Glucagon receptor	SINGLE PROTEIN
CHEMBL1994	P08235	Mineralocorticoid receptor	SINGLE PROTEIN
CHEMBL2000	P03952	Plasma kallikrein	SINGLE PROTEIN
CHEMBL2001	Q9H244	Purinergic receptor P2Y12	SINGLE PROTEIN
CHEMBL2003	P13631	Retinoic acid receptor gamma	SINGLE PROTEIN
CHEMBL2007625	O75874	Isocitrate dehydrogenase [NADP] cytoplasmic	SINGLE PROTEIN
CHEMBL2007628	P54829	Tyrosine-protein phosphatase non-receptor type 5	SINGLE PROTEIN
CHEMBL2008	P10826	Retinoic acid receptor beta	SINGLE PROTEIN
CHEMBL2010627	O00625	Pirin	SINGLE PROTEIN
CHEMBL2010635	P68826	Peptide deformylase	SINGLE PROTEIN
CHEMBL2010636	Q8WQX9	Class 1 phosphodiesterase PDEB1	SINGLE PROTEIN
CHEMBL2014	P41146	Nociceptin receptor	SINGLE PROTEIN
CHEMBL2016	P00740	Coagulation factor IX	SINGLE PROTEIN
CHEMBL2016430	Q8TBC4	NEDD8-activating enzyme E1 catalytic subunit	SINGLE PROTEIN
CHEMBL202	P00374	Dihydrofolate reductase	SINGLE PROTEIN
CHEMBL2026	P00811	Beta-lactamase AmpC	SINGLE PROTEIN
CHEMBL203	P00533	Epidermal growth factor receptor erbB1	SINGLE PROTEIN
CHEMBL2034	P04150	Glucocorticoid receptor	SINGLE PROTEIN
CHEMBL2039	P27338	Monoamine oxidase B	SINGLE PROTEIN
CHEMBL204	P00734	Thrombin	SINGLE PROTEIN
CHEMBL2041	P07949	Tyrosine-protein kinase receptor RET	SINGLE PROTEIN
CHEMBL2045	P04746	Pancreatic alpha-amylase	SINGLE PROTEIN
CHEMBL2046266	Q869C3	Acetylcholinesterase	SINGLE PROTEIN
CHEMBL2047	Q96RI1	Bile acid receptor FXR	SINGLE PROTEIN
CHEMBL205	P00918	Carbonic anhydrase II	SINGLE PROTEIN
CHEMBL2052030	Q6T755	Phosphoethanolamine N-methyltransferase	SINGLE PROTEIN
CHEMBL2052031	Q13451	Peptidyl-prolyl cis-trans isomerase FKBP5	SINGLE PROTEIN
CHEMBL206	P03372	Estrogen receptor alpha	SINGLE PROTEIN
CHEMBL2061	P19793	Retinoid X receptor alpha	SINGLE PROTEIN
CHEMBL2068	P29317	Ephrin type-A receptor 2	SINGLE PROTEIN
CHEMBL2069156	Q14145	Kelch-like ECH-associated protein 1	SINGLE PROTEIN
CHEMBL2074	O43451	Maltase-glucoamylase	SINGLE PROTEIN
CHEMBL2079846	Q07889	Son of sevenless homolog 1	SINGLE PROTEIN
CHEMBL2079849	P05981	Serine protease hepsin	SINGLE PROTEIN
CHEMBL208	P06401	Progesterone receptor	SINGLE PROTEIN
CHEMBL2083	P15090	Fatty acid binding protein adipocyte	SINGLE PROTEIN
CHEMBL2085	P14174	Macrophage migration inhibitory factor	SINGLE PROTEIN
CHEMBL2088	P15085	Carboxypeptidase A1	SINGLE PROTEIN
CHEMBL2093869	P05106,P08514	Integrin alpha-IIb/beta-3	PROTEIN COMPLEX
CHEMBL2094120	P18507,P28472,P34903	GABA-A receptor; alpha-3/beta-3/gamma-2	PROTEIN COMPLEX
CHEMBL2094121	P14867,P18507,P28472	GABA-A receptor; alpha-1/beta-3/gamma-2	PROTEIN COMPLEX
CHEMBL2094122	P18507,P28472,P31644	GABA-A receptor; alpha-5/beta-3/gamma-2	PROTEIN COMPLEX
CHEMBL2094130	P18507,P28472,P47869	GABA-A receptor; alpha-2/beta-3/gamma-2	PROTEIN COMPLEX
CHEMBL2095172	P14867,P47870,P18507	GABA-A receptor; alpha-1/beta-2/gamma-2	PROTEIN COMPLEX
CHEMBL2095190	P18507,P28472,Q16445	GABA-A receptor; alpha-6/beta-3/gamma-2	PROTEIN COMPLEX
CHEMBL2095197	Q04631,Q02293	Protein farnesyltransferase	PROTEIN COMPLEX
CHEMBL210	P07550	Beta-2 adrenergic receptor	SINGLE PROTEIN
CHEMBL2107838	O60894,Q16602	Calcitonin-gene-related peptide receptor, CALCRL/RAMP1	PROTEIN COMPLEX
CHEMBL211	P08172	Muscarinic acetylcholine receptor M2	SINGLE PROTEIN
CHEMBL2111339	P47870,P18507,P34903	GABA A receptor alpha-3/beta-2/gamma-2	PROTEIN COMPLEX
CHEMBL2111366	P18507,P28472,P48169	GABA A receptor alpha-4/beta-3/gamma-2	PROTEIN COMPLEX
CHEMBL2111370	P47870,P18507,Q16445	GABA A receptor alpha-6/beta-2/gamma-2	PROTEIN COMPLEX
CHEMBL2111413	P47870,P18507,P47869	GABA A receptor alpha-2/beta-2/gamma-2	PROTEIN COMPLEX
CHEMBL2111461	P05106,P17301	Integrin alpha-2/beta-3	PROTEIN COMPLEX
CHEMBL2118	P19801	Diamine oxidase	SINGLE PROTEIN
CHEMBL2121	P15328	Folate receptor alpha	SINGLE PROTEIN
CHEMBL2131	O95050	Indolethylamine N-methyltransferase	SINGLE PROTEIN
CHEMBL2146302	O94925	Glutaminase kidney isoform, mitochondrial	SINGLE PROTEIN
CHEMBL2147	P11309	Serine/threonine-protein kinase PIM1	SINGLE PROTEIN
CHEMBL2148	P52333	Tyrosine-protein kinase JAK3	SINGLE PROTEIN
CHEMBL2150837	Q6PL18	ATPase family AAA domain-containing protein 2	SINGLE PROTEIN
CHEMBL2154	Q9NZK7	Group IIE secretory phospholipase A2	SINGLE PROTEIN
CHEMBL2157850	Q93009	Ubiquitin carboxyl-terminal hydrolase 7	SINGLE PROTEIN
CHEMBL2163175	O75936	Gamma-butyrobetaine dioxygenase	SINGLE PROTEIN
CHEMBL2163176	P41229	Lysine-specific demethylase 5C	SINGLE PROTEIN
CHEMBL2163181	Q9AIU7	DNA ligase	SINGLE PROTEIN
CHEMBL2163182	Q8N6T7	NAD-dependent protein deacetylase sirtuin-6	SINGLE PROTEIN
CHEMBL2169716	Q9NRG4	N-lysine methyltransferase SMYD2	SINGLE PROTEIN
CHEMBL2169733	Q6S996	Class I phosphodiesterase PDEB1	SINGLE PROTEIN
CHEMBL2169736	O95551	Tyrosyl-DNA phosphodiesterase 2	SINGLE PROTEIN
CHEMBL2175	Q9CPU0	Glyoxalase I	SINGLE PROTEIN
CHEMBL2176771	P00746	Complement factor D	SINGLE PROTEIN
CHEMBL2176774	O95696	Bromodomain-containing protein 1	SINGLE PROTEIN
CHEMBL2176777	Q460N5	Poly [ADP-ribose] polymerase 14	SINGLE PROTEIN
CHEMBL2176778	Q460N3	Poly [ADP-ribose] polymerase 15	SINGLE PROTEIN
CHEMBL2176838	Q6DE08	Aurora kinase B-A	SINGLE PROTEIN
CHEMBL2176852	Q8I4S1	Thymidylate kinase, putative	SINGLE PROTEIN
CHEMBL2179	P04062	Beta-glucocerebrosidase	SINGLE PROTEIN
CHEMBL2185	Q96GD4	Serine/threonine-protein kinase Aurora-B	SINGLE PROTEIN
CHEMBL2189110	Q15910	Histone-lysine N-methyltransferase EZH2	SINGLE PROTEIN
CHEMBL2189117	O75530	Polycomb protein EED	SINGLE PROTEIN
CHEMBL2189121	P01116	GTPase KRas	SINGLE PROTEIN
CHEMBL2189156	P02701	Avidin	SINGLE PROTEIN
CHEMBL2190	P50135	Histamine N-methyltransferase	SINGLE PROTEIN
CHEMBL2195	P13444	S-adenosylmethionine synthetase alpha and beta forms	SINGLE PROTEIN
CHEMBL220	P22303	Acetylcholinesterase	SINGLE PROTEIN
CHEMBL2208	P49137	MAP kinase-activated protein kinase 2	SINGLE PROTEIN
CHEMBL2216745	O35904	Phosphatidylinositol 4,5-bisphosphate 3-kinase catalytic subunit delta isoform	SINGLE PROTEIN
CHEMBL2222	P00480	Ornithine carbamoyltransferase	SINGLE PROTEIN
CHEMBL225	P28335	Serotonin 2c (5-HT2c) receptor	SINGLE PROTEIN
CHEMBL2263	P00636	Fructose-1,6-bisphosphatase	SINGLE PROTEIN
CHEMBL227	P30556	Type-1 angiotensin II receptor	SINGLE PROTEIN
CHEMBL2276	P45983	c-Jun N-terminal kinase 1	SINGLE PROTEIN
CHEMBL228	P31645	Serotonin transporter	SINGLE PROTEIN
CHEMBL2285	Q9UNA0	ADAMTS5	SINGLE PROTEIN
CHEMBL2285353	P69834	2-C-methyl-D-erythritol 4-phosphate cytidylyltransferase, chloroplastic	SINGLE PROTEIN
CHEMBL2288	Q13526	Peptidyl-prolyl cis-trans isomerase NIMA-interacting 1	SINGLE PROTEIN
CHEMBL2292	Q13627	Dual-specificity tyrosine-phosphorylation regulated kinase 1A	SINGLE PROTEIN
CHEMBL2311239	B4EB35	D-beta-D-heptose 7-phosphate kinase	SINGLE PROTEIN
CHEMBL2311243	O43175	D-3-phosphoglycerate dehydrogenase	SINGLE PROTEIN
CHEMBL2316	P10144	Granzyme B	SINGLE PROTEIN
CHEMBL2318	O75173	ADAMTS4	SINGLE PROTEIN
CHEMBL2321641	P07445	Steroid Delta-isomerase	SINGLE PROTEIN
CHEMBL2321643	Q9H7B4	Histone-lysine N-methyltransferase SMYD3	SINGLE PROTEIN
CHEMBL2326	P43166	Carbonic anhydrase VII	SINGLE PROTEIN
CHEMBL2331053	Q16875	6-phosphofructo-2-kinase/fructose-2,6-bisphosphatase 3	SINGLE PROTEIN
CHEMBL2331065	Q9C0B1	Alpha-ketoglutarate-dependent dioxygenase FTO	SINGLE PROTEIN
CHEMBL2334	P42574	Caspase-3	SINGLE PROTEIN
CHEMBL2336	P47811	MAP kinase p38 alpha	SINGLE PROTEIN
CHEMBL2343	O00141	Serine/threonine-protein kinase Sgk1	SINGLE PROTEIN
CHEMBL2345	P51812	Ribosomal protein S6 kinase alpha 3	SINGLE PROTEIN
CHEMBL2346486	P40261	Nicotinamide N-methyltransferase	SINGLE PROTEIN
CHEMBL2346488	P12004	Proliferating cell nuclear antigen	SINGLE PROTEIN
CHEMBL235	P37231	Peroxisome proliferator-activated receptor gamma	SINGLE PROTEIN
CHEMBL236	P41143	Delta opioid receptor	SINGLE PROTEIN
CHEMBL2360	P00492	Hypoxanthine-guanine phosphoribosyltransferase	SINGLE PROTEIN
CHEMBL2361	P9WKE1	Thymidylate kinase	SINGLE PROTEIN
CHEMBL237	P41145	Kappa opioid receptor	SINGLE PROTEIN
CHEMBL2372	P22734	Catechol O-methyltransferase	SINGLE PROTEIN
CHEMBL2381	P16469	Arachidonate 12-lipoxygenase	SINGLE PROTEIN
CHEMBL239	Q07869	Peroxisome proliferator-activated receptor alpha	SINGLE PROTEIN
CHEMBL2396505	P03313	Genome polyprotein	SINGLE PROTEIN
CHEMBL2409	P34913	Epoxide hydratase	SINGLE PROTEIN
CHEMBL2412	P14635	G2/mitotic-specific cyclin B1	SINGLE PROTEIN
CHEMBL242	Q92731	Estrogen receptor beta	SINGLE PROTEIN
CHEMBL2421	P08185	Corticosteroid binding globulin	SINGLE PROTEIN
CHEMBL2424	Q04760	Glyoxalase I	SINGLE PROTEIN
CHEMBL2424504	P29375	Lysine-specific demethylase 5A	SINGLE PROTEIN
CHEMBL2429708	Q53GL7	Poly [ADP-ribose] polymerase 10	SINGLE PROTEIN
CHEMBL2431	P31751	Serine/threonine-protein kinase AKT2	SINGLE PROTEIN
CHEMBL244	P00742	Coagulation factor X	SINGLE PROTEIN
CHEMBL2443	P49862	Kallikrein 7	SINGLE PROTEIN
CHEMBL2447	P27707	Deoxycytidine kinase	SINGLE PROTEIN
CHEMBL2461	P23687	Prolyl endopeptidase	SINGLE PROTEIN
CHEMBL2474	P53582	Methionine aminopeptidase 1	SINGLE PROTEIN
CHEMBL248	P08246	Leukocyte elastase	SINGLE PROTEIN
CHEMBL249	P25103	Neurokinin 1 receptor	SINGLE PROTEIN
CHEMBL2508	Q00534	Cyclin-dependent kinase 6	SINGLE PROTEIN
CHEMBL251	P29274	Adenosine A2a receptor	SINGLE PROTEIN
CHEMBL2518	P31939	AICAR transformylase	SINGLE PROTEIN
CHEMBL2522	P16278	Beta-galactosidase	SINGLE PROTEIN
CHEMBL2524	P06280	Alpha-galactosidase A	SINGLE PROTEIN
CHEMBL2525	Q9Y5Z0	Beta secretase 2	SINGLE PROTEIN
CHEMBL2527	O96017	Serine/threonine-protein kinase Chk2	SINGLE PROTEIN
CHEMBL2534	O15530	3-phosphoinositide dependent protein kinase-1	SINGLE PROTEIN
CHEMBL254	P27815	Phosphodiesterase 4A	SINGLE PROTEIN
CHEMBL2553	Q15418	Ribosomal protein S6 kinase alpha 1	SINGLE PROTEIN
CHEMBL2555	P0A884	Thymidylate synthase	SINGLE PROTEIN
CHEMBL2558	P53355	Death-associated protein kinase 1	SINGLE PROTEIN
CHEMBL2568	P06737	Liver glycogen phosphorylase	SINGLE PROTEIN
CHEMBL2578	P56221	Scytalone dehydratase	SINGLE PROTEIN
CHEMBL258	P06239	Tyrosine-protein kinase LCK	SINGLE PROTEIN
CHEMBL2581	P07339	Cathepsin D	SINGLE PROTEIN
CHEMBL2582	P20248	Cyclin A2	SINGLE PROTEIN
CHEMBL2590	P15145	Aminopeptidase N	SINGLE PROTEIN
CHEMBL2598	P41743	Protein kinase C iota	SINGLE PROTEIN
CHEMBL2599	P43405	Tyrosine-protein kinase SYK	SINGLE PROTEIN
CHEMBL260	Q16539	MAP kinase p38 alpha	SINGLE PROTEIN
CHEMBL2608	P10253	Lysosomal alpha-glucosidase	SINGLE PROTEIN
CHEMBL261	P00915	Carbonic anhydrase I	SINGLE PROTEIN
CHEMBL2611	P09958	Furin	SINGLE PROTEIN
CHEMBL262	P49841	Glycogen synthase kinase-3 beta	SINGLE PROTEIN
CHEMBL2632	P04439	HLA class I histocompatibility antigen A-3	SINGLE PROTEIN
CHEMBL2633	P15309	Prostatic acid phosphatase	SINGLE PROTEIN
CHEMBL2637	P53779	c-Jun N-terminal kinase 3	SINGLE PROTEIN
CHEMBL2640	P52789	Hexokinase type II	SINGLE PROTEIN
CHEMBL2652	O00408	Phosphodiesterase 2A	SINGLE PROTEIN
CHEMBL2654	P00517	cAMP-dependent protein kinase alpha-catalytic subunit	SINGLE PROTEIN
CHEMBL267	P12931	Tyrosine-protein kinase SRC	SINGLE PROTEIN
CHEMBL268	P43235	Cathepsin K	SINGLE PROTEIN
CHEMBL2695	Q05397	Focal adhesion kinase 1	SINGLE PROTEIN
CHEMBL2706	P23467	Receptor-type tyrosine-protein phosphatase beta	SINGLE PROTEIN
CHEMBL2716	Q8WUI4	Histone deacetylase 7	SINGLE PROTEIN
CHEMBL2730	P21980	Protein-glutamine gamma-glutamyltransferase	SINGLE PROTEIN
CHEMBL275	Q07343	Phosphodiesterase 4B	SINGLE PROTEIN
CHEMBL278	P13612	Integrin alpha-4	SINGLE PROTEIN
CHEMBL279	P35968	Vascular endothelial growth factor receptor 2	SINGLE PROTEIN
CHEMBL280	P45452	Matrix metalloproteinase 13	SINGLE PROTEIN
CHEMBL2803	P43403	Tyrosine-protein kinase ZAP-70	SINGLE PROTEIN
CHEMBL2804	P29994	Inositol 1,4,5-trisphosphate receptor type 1	SINGLE PROTEIN
CHEMBL2808	Q13133	LXR-alpha	SINGLE PROTEIN
CHEMBL2815	P04629	Nerve growth factor receptor Trk-A	SINGLE PROTEIN
CHEMBL2820	P03951	Coagulation factor XI	SINGLE PROTEIN
CHEMBL2828	P48730	Casein kinase I delta	SINGLE PROTEIN
CHEMBL283	P08254	Matrix metalloproteinase 3	SINGLE PROTEIN
CHEMBL2835	P23458	Tyrosine-protein kinase JAK1	SINGLE PROTEIN
CHEMBL284	P27487	Dipeptidyl peptidase IV	SINGLE PROTEIN
CHEMBL2858	P42866	Mu opioid receptor	SINGLE PROTEIN
CHEMBL286	P00797	Renin	SINGLE PROTEIN
CHEMBL287	Q99720	Sigma opioid receptor	SINGLE PROTEIN
CHEMBL288	Q08499	Phosphodiesterase 4D	SINGLE PROTEIN
CHEMBL2888	Q14832	Metabotropic glutamate receptor 3	SINGLE PROTEIN
CHEMBL2889	Q9Y2R2	Hematopoietic cell protein-tyrosine phosphatase 70Z-PEP	SINGLE PROTEIN
CHEMBL290	Q13370	Phosphodiesterase 3B	SINGLE PROTEIN
CHEMBL2902	P00381	Dihydrofolate reductase	SINGLE PROTEIN
CHEMBL2911	P35558	Phosphoenolpyruvate carboxykinase cytosolic	SINGLE PROTEIN
CHEMBL2919	P22756	Glutamate receptor ionotropic kainate 1	SINGLE PROTEIN
CHEMBL2935	P55859	Purine nucleoside phosphorylase	SINGLE PROTEIN
CHEMBL2939	O15264	MAP kinase p38 delta	SINGLE PROTEIN
CHEMBL2954	P25774	Cathepsin S	SINGLE PROTEIN
CHEMBL2958	P26769	Adenylate cyclase type II	SINGLE PROTEIN
CHEMBL2959	Q08881	Tyrosine-protein kinase ITK/TSK	SINGLE PROTEIN
CHEMBL2966	P56658	Adenosine deaminase	SINGLE PROTEIN
CHEMBL2971	O60674	Tyrosine-protein kinase JAK2	SINGLE PROTEIN
CHEMBL2973	O75116	Rho-associated protein kinase 2	SINGLE PROTEIN
CHEMBL2982	Q9TVW2	Adenosine kinase	SINGLE PROTEIN
CHEMBL2987	P28720	tRNA-guanine transglycosylase	SINGLE PROTEIN
CHEMBL299	P17252	Protein kinase C alpha	SINGLE PROTEIN
CHEMBL2998	P56373	P2X purinoceptor 3	SINGLE PROTEIN
CHEMBL3009	Q15303	Receptor protein-tyrosine kinase erbB-4	SINGLE PROTEIN
CHEMBL301	P24941	Cyclin-dependent kinase 2	SINGLE PROTEIN
CHEMBL3012	Q13946	Phosphodiesterase 7A	SINGLE PROTEIN
CHEMBL3018	Q9Y5Y6	Matriptase	SINGLE PROTEIN
CHEMBL3021	Q62986	Estrogen receptor beta	SINGLE PROTEIN
CHEMBL3024	P53350	Serine/threonine-protein kinase PLK1	SINGLE PROTEIN
CHEMBL3028	Q96KS0	Hypoxia-inducible factor prolyl hydroxylase 1	SINGLE PROTEIN
CHEMBL3038474	P49336,P24863	CDK8/Cyclin C	PROTEIN COMPLEX
CHEMBL3044	Q01812	Glutamate receptor ionotropic kainate 4	SINGLE PROTEIN
CHEMBL3045	P05771	Protein kinase C beta	SINGLE PROTEIN
CHEMBL3069	O35627	Constitutive androstane receptor	SINGLE PROTEIN
CHEMBL3072	P15207	Androgen Receptor	SINGLE PROTEIN
CHEMBL308	P06493	Cyclin-dependent kinase 1	SINGLE PROTEIN
CHEMBL3080	Q13231	Chitinase 1	SINGLE PROTEIN
CHEMBL3085	P43003	Excitatory amino acid transporter 1	SINGLE PROTEIN
CHEMBL3091	Q99523	Neurotensin receptor 3	SINGLE PROTEIN
CHEMBL3091270	Q63T71	2-C-methyl-D-erythritol 2,4-cyclodiphosphate synthase	SINGLE PROTEIN
CHEMBL3099	P00520	Tyrosine-protein kinase ABL	SINGLE PROTEIN
CHEMBL3100	P02753	Plasma retinol-binding protein	SINGLE PROTEIN
CHEMBL3105	P09874	Poly [ADP-ribose] polymerase-1	SINGLE PROTEIN
CHEMBL3106	P19971	Thymidine phosphorylase	SINGLE PROTEIN
CHEMBL3108634	Q00610	Clathrin heavy chain 1	SINGLE PROTEIN
CHEMBL3108638	O15164	Transcription intermediary factor 1-alpha	SINGLE PROTEIN
CHEMBL3108639	Q9BXF3	Cat eye syndrome critical region protein 2	SINGLE PROTEIN
CHEMBL3108640	Q9H8M2	Bromodomain-containing protein 9	SINGLE PROTEIN
CHEMBL3108647	Q9BYW2	Histone-lysine N-methyltransferase SETD2	SINGLE PROTEIN
CHEMBL3108660	P40337	Von Hippel-Lindau disease tumor suppressor	SINGLE PROTEIN
CHEMBL311	Q00960	Glutamate [NMDA] receptor subunit epsilon 2	SINGLE PROTEIN
CHEMBL3116	P50750	Cyclin-dependent kinase 9	SINGLE PROTEIN
CHEMBL3117	P35790	Choline kinase alpha	SINGLE PROTEIN
CHEMBL3129	Q9Y2T3	Guanine deaminase	SINGLE PROTEIN
CHEMBL3130	O00329	PI3-kinase p110-delta subunit	SINGLE PROTEIN
CHEMBL3132741	P55201	Peregrin	SINGLE PROTEIN
CHEMBL3137262	O60341,Q9UKL0	LSD1/CoREST complex	PROTEIN COMPLEX
CHEMBL3137286	Q15910,O75530,Q15022	EZH2/SUZ12/EED complex	PROTEIN COMPLEX
CHEMBL3137287	Q92800,O75530,Q15022,Q6ZN18,Q09028	EZH1/SUZ12/EED/AEBP2/RBBP4 complex	PROTEIN COMPLEX
CHEMBL3150	P13053	Vitamin D receptor	SINGLE PROTEIN
CHEMBL3174	P78417	Glutathione transferase omega 1	SINGLE PROTEIN
CHEMBL3181	P14061	Estradiol 17-beta-dehydrogenase 1	SINGLE PROTEIN
CHEMBL3192	Q9BY41	Histone deacetylase 8	SINGLE PROTEIN
CHEMBL3194	P02766	Transthyretin	SINGLE PROTEIN
CHEMBL3198	P21836	Acetylcholinesterase	SINGLE PROTEIN
CHEMBL3200	Q9Y3R4	Sialidase 2	SINGLE PROTEIN
CHEMBL3208	P62965	Cellular retinoic acid-binding protein I	SINGLE PROTEIN
CHEMBL321	P14780	Matrix metalloproteinase 9	SINGLE PROTEIN
CHEMBL3217375	P62617	2-C-methyl-D-erythritol 2,4-cyclodiphosphate synthase	SINGLE PROTEIN
CHEMBL3217378	P56740	Dihydroneopterin aldolase	SINGLE PROTEIN
CHEMBL3217379	P26281	2-amino-4-hydroxy-6-hydroxymethyldihydropteridine pyrophosphokinase	SINGLE PROTEIN
CHEMBL3217380	P05804	Beta-glucuronidase	SINGLE PROTEIN
CHEMBL3217390	P21675	Transcription initiation factor TFIID subunit 1	SINGLE PROTEIN
CHEMBL3218	P20273	CD22	SINGLE PROTEIN
CHEMBL3227	P41594	Metabotropic glutamate receptor 5	SINGLE PROTEIN
CHEMBL3229	P97612	Anandamide amidohydrolase	SINGLE PROTEIN
CHEMBL3231	Q13464	Rho-associated protein kinase 1	SINGLE PROTEIN
CHEMBL3232684	Q9HC52	Chromobox protein homolog 8	SINGLE PROTEIN
CHEMBL3232685	O00257	E3 SUMO-protein ligase CBX4	SINGLE PROTEIN
CHEMBL3232693	P15379	CD44 antigen	SINGLE PROTEIN
CHEMBL3233	P25054	Adenomatous polyposis coli protein	SINGLE PROTEIN
CHEMBL3234	P08631	Tyrosine-protein kinase HCK	SINGLE PROTEIN
CHEMBL3242	O43570	Carbonic anhydrase XII	SINGLE PROTEIN
CHEMBL3253	P02768	Serum albumin	SINGLE PROTEIN
CHEMBL3259512	Q07806	Penicillin-binding protein 1A	SINGLE PROTEIN
CHEMBL3267	P48736	PI3-kinase p110-gamma subunit	SINGLE PROTEIN
CHEMBL3268	Q9UBF8	PI4-kinase beta subunit	SINGLE PROTEIN
CHEMBL3277	P13051	Uracil-DNA glycosylase	SINGLE PROTEIN
CHEMBL3286	P00749	Urokinase-type plasminogen activator	SINGLE PROTEIN
CHEMBL3286061	O95470	Sphingosine-1-phosphate lyase 1	SINGLE PROTEIN
CHEMBL3286068	O88587	Catechol O-methyltransferase	SINGLE PROTEIN
CHEMBL330	P35439	Glutamate (NMDA) receptor subunit zeta 1	SINGLE PROTEIN
CHEMBL3300	O35795	Ectonucleoside triphosphate diphosphohydrolase 2	SINGLE PROTEIN
CHEMBL3301388	Q15910,O75530,Q15022,Q09028,Q16576	EZH2/SUZ12/EED/RBBP7/RBBP4	PROTEIN COMPLEX
CHEMBL3301400	P40337,Q15370,Q15369	Von Hippel-Lindau disease tumor suppressor/Elongin B/Elongin C	PROTEIN COMPLEX
CHEMBL3301561	Q8IDJ8	Lysine--tRNA ligase	SINGLE PROTEIN
CHEMBL3305	P04278	Testis-specific androgen-binding protein	SINGLE PROTEIN
CHEMBL3308	P55212	Caspase-6	SINGLE PROTEIN
CHEMBL3309037	P15319	Chaperone protein PapD	SINGLE PROTEIN
CHEMBL3313837	O54050	Xanthine dehydrogenase	SINGLE PROTEIN
CHEMBL332	P03956	Matrix metalloproteinase-1	SINGLE PROTEIN
CHEMBL3329079	O35820	2'-deoxynucleoside 5'-phosphate N-hydrolase 1	SINGLE PROTEIN
CHEMBL3338	P37268	Squalene synthetase	SINGLE PROTEIN
CHEMBL3344	P05413	Fatty acid binding protein muscle	SINGLE PROTEIN
CHEMBL3345	P9WPX7	3-dehydroquinate dehydratase	SINGLE PROTEIN
CHEMBL335	P18031	Protein-tyrosine phosphatase 1B	SINGLE PROTEIN
CHEMBL3351196	Q05097	PA-I galactophilic lectin	SINGLE PROTEIN
CHEMBL3351218	O43598	2'-deoxynucleoside 5'-phosphate N-hydrolase 1	SINGLE PROTEIN
CHEMBL3367	P00959	Methionyl-tRNA synthetase	SINGLE PROTEIN
CHEMBL3384	Q16512	Protein kinase N1	SINGLE PROTEIN
CHEMBL3385	P27361	MAP kinase ERK1	SINGLE PROTEIN
CHEMBL3391	P26639	Threonyl-tRNA synthetase	SINGLE PROTEIN
CHEMBL3392	P00800	Thermolysin	SINGLE PROTEIN
CHEMBL3394	Q6B856	Tubulin beta chain	SINGLE PROTEIN
CHEMBL3401	O75469	Pregnane X receptor	SINGLE PROTEIN
CHEMBL3409	P08263	Glutathione S-transferase A1	SINGLE PROTEIN
CHEMBL3412	Q02853	Matrix metalloproteinase 11	SINGLE PROTEIN
CHEMBL3414415	P0ACC7	Bifunctional protein GlmU	SINGLE PROTEIN
CHEMBL3419	Q96IY4	Carboxypeptidase B2 isoform A	SINGLE PROTEIN
CHEMBL3423	P0AE18	Methionine aminopeptidase	SINGLE PROTEIN
CHEMBL3425392	P60487	Pyridoxal phosphate phosphatase	SINGLE PROTEIN
CHEMBL3429	P11474	Estrogen-related receptor alpha	SINGLE PROTEIN
CHEMBL3437	Q16853	Amine oxidase, copper containing	SINGLE PROTEIN
CHEMBL3439	Q07075	Aminopeptidase A	SINGLE PROTEIN
CHEMBL3468	P55210	Caspase-7	SINGLE PROTEIN
CHEMBL3474	P14555	Phospholipase A2 group IIA	SINGLE PROTEIN
CHEMBL3475	P05121	Plasminogen activator inhibitor-1	SINGLE PROTEIN
CHEMBL3481	P00730	Carboxypeptidase A1	SINGLE PROTEIN
CHEMBL3503	P19491	Glutamate receptor ionotropic, AMPA 2	SINGLE PROTEIN
CHEMBL3504	P19492	Glutamate receptor ionotropic, AMPA 3	SINGLE PROTEIN
CHEMBL3505	P19493	Glutamate receptor ionotropic, AMPA 4	SINGLE PROTEIN
CHEMBL3510	Q9ULX7	Carbonic anhydrase XIV	SINGLE PROTEIN
CHEMBL3514	Q13093	LDL-associated phospholipase A2	SINGLE PROTEIN
CHEMBL3524	P56524	Histone deacetylase 4	SINGLE PROTEIN
CHEMBL3530	O14733	Dual specificity mitogen-activated protein kinase kinase 7	SINGLE PROTEIN
CHEMBL3535	O76083	Phosphodiesterase 9A	SINGLE PROTEIN
CHEMBL3536	P02829	Heat shock protein HSP 90 (HSP82)	SINGLE PROTEIN
CHEMBL3548	P30418	Peptide N-myristoyltransferase 1	SINGLE PROTEIN
CHEMBL3553	P29597	Tyrosine-protein kinase TYK2	SINGLE PROTEIN
CHEMBL3559644	P06709	Bifunctional ligase/repressor BirA	SINGLE PROTEIN
CHEMBL3559645	P0AEG4	Thiol:disulfide interchange protein DsbA	SINGLE PROTEIN
CHEMBL3562164	Q9Z2X8	Kelch-like ECH-associated protein 1	SINGLE PROTEIN
CHEMBL3563	P25779	Cruzipain	SINGLE PROTEIN
CHEMBL3569	P33247	Squalene-hopene cyclase	SINGLE PROTEIN
CHEMBL3577	P00352	Aldehyde dehydrogenase 1A1	SINGLE PROTEIN
CHEMBL3580522	Q9NZQ7	Programmed cell death 1 ligand 1	SINGLE PROTEIN
CHEMBL3587	Q02750	Dual specificity mitogen-activated protein kinase kinase 1	SINGLE PROTEIN
CHEMBL3589	P55263	Adenosine kinase	SINGLE PROTEIN
CHEMBL3593	P48449	Lanosterol synthase	SINGLE PROTEIN
CHEMBL3594	Q16790	Carbonic anhydrase IX	SINGLE PROTEIN
CHEMBL3607	P42260	Glutamate receptor ionotropic kainate 2	SINGLE PROTEIN
CHEMBL3611962	I6YFP0	Biotin--acetyl-CoA-carboxylase ligase	SINGLE PROTEIN
CHEMBL3616	P24723	Protein kinase C eta	SINGLE PROTEIN
CHEMBL3616354	O15382	Branched-chain-amino-acid aminotransferase, mitochondrial	SINGLE PROTEIN
CHEMBL3629	P68400	Casein kinase II alpha	SINGLE PROTEIN
CHEMBL3632452	Q9UDY8	Mucosa-associated lymphoid tissue lymphoma translocation protein 1	SINGLE PROTEIN
CHEMBL3638326	P03367	Gag-Pol polyprotein	SINGLE PROTEIN
CHEMBL3638331	P03369	Gag-Pol polyprotein	SINGLE PROTEIN
CHEMBL3638332	O92972	Genome polyprotein	SINGLE PROTEIN
CHEMBL3638349	Q9NXS2	Glutaminyl-peptide cyclotransferase-like protein	SINGLE PROTEIN
CHEMBL3650	P11362	Fibroblast growth factor receptor 1	SINGLE PROTEIN
CHEMBL3655	P00523	Tyrosine-protein kinase SRC	SINGLE PROTEIN
CHEMBL3663	P62993	Growth factor receptor-bound protein 2	SINGLE PROTEIN
CHEMBL3674	Q01469	Fatty acid binding protein epidermal	SINGLE PROTEIN
CHEMBL3683	Q13002	Glutamate receptor ionotropic kainate 2	SINGLE PROTEIN
CHEMBL3691	Q13822	Autotaxin	SINGLE PROTEIN
CHEMBL3706	P78536	ADAM17	SINGLE PROTEIN
CHEMBL3708197	P49902	Cytosolic purine 5'-nucleotidase	SINGLE PROTEIN
CHEMBL3708265	P36639	7,8-dihydro-8-oxoguanine triphosphatase	SINGLE PROTEIN
CHEMBL3710	P43115	Prostanoid EP3 receptor	SINGLE PROTEIN
CHEMBL3711550	P21146	Beta-adrenergic receptor kinase 1	SINGLE PROTEIN
CHEMBL3717	P08581	Hepatocyte growth factor receptor	SINGLE PROTEIN
CHEMBL3729	P22748	Carbonic anhydrase IV	SINGLE PROTEIN
CHEMBL3744	P42264	Glutamate receptor ionotropic kainate 3	SINGLE PROTEIN
CHEMBL3750	Q01693	Bacterial leucyl aminopeptidase	SINGLE PROTEIN
CHEMBL3751653	Q8TCD5	5'(3')-deoxyribonucleotidase, cytosolic type	SINGLE PROTEIN
CHEMBL3751654	Q9NPB1	5'(3')-deoxyribonucleotidase, mitochondrial	SINGLE PROTEIN
CHEMBL3763007	A4TVL0	Cereblon isoform 4	SINGLE PROTEIN
CHEMBL3763008	Q96SW2	Protein cereblon	SINGLE PROTEIN
CHEMBL3769	P00760	Trypsin I	SINGLE PROTEIN
CHEMBL3774295	Q9UGL1	Lysine-specific demethylase 5B	SINGLE PROTEIN
CHEMBL3776	Q14790	Caspase-8	SINGLE PROTEIN
CHEMBL3778	Q9NWZ3	Interleukin-1 receptor-associated kinase 4	SINGLE PROTEIN
CHEMBL3779761	Q14781	Chromobox protein homolog 2	SINGLE PROTEIN
CHEMBL3797017	A5H660	Histone deacetylase 8	SINGLE PROTEIN
CHEMBL3798	Q16602	Calcitonin gene-related peptide type 1 receptor	SINGLE PROTEIN
CHEMBL3813	P22411	Dipeptidyl peptidase IV	SINGLE PROTEIN
CHEMBL3826863	O15540	Fatty acid-binding protein, brain	SINGLE PROTEIN
CHEMBL3826871	Q9R1E6	Ectonucleotide pyrophosphatase/phosphodiesterase family member 2	SINGLE PROTEIN
CHEMBL3835	P51955	Serine/threonine-protein kinase NEK2	SINGLE PROTEIN
CHEMBL3837	P07711	Cathepsin L	SINGLE PROTEIN
CHEMBL3855	P47205	UDP-3-O-acyl-GlcNAc deacetylase	SINGLE PROTEIN
CHEMBL3860	O43924	Phosphodiesterase 6D	SINGLE PROTEIN
CHEMBL3861	Q15119	Pyruvate dehydrogenase kinase isoform 2	SINGLE PROTEIN
CHEMBL3864	Q06124	Protein-tyrosine phosphatase 2C	SINGLE PROTEIN
CHEMBL3879830	P43249	G protein-coupled receptor kinase 5	SINGLE PROTEIN
CHEMBL3879837	P56690	Isoleucine--tRNA ligase	SINGLE PROTEIN
CHEMBL3879860	P28327	Rhodopsin kinase	SINGLE PROTEIN
CHEMBL3880	P07900	Heat shock protein HSP 90-alpha	SINGLE PROTEIN
CHEMBL3883284	P05106,P26006	Integrin alpha-3/beta-3	PROTEIN COMPLEX
CHEMBL3883323	Q9BWU1,P24863	Cyclin-C/Cyclin-dependent kinase 19	PROTEIN COMPLEX
CHEMBL3885801	Q8A0N1,Q8A5N9,Q8A1Y1,Q8A0Q9,Q8A182,Q8A4H0,Q8A0C9,Q8A6K3,Q8A0M7,Q8A0Q8,Q8A0N0,Q8A3K6,Q8A6V7,Q8A8Y5,Q8A0C8,Q8A113,Q8A5Y1,Q8A0Q6,Q8A5X5,Q8A1X8,Q8A325,Q8A193,Q8A0E8	GH92 alpha-mannosidase	PROTEIN FAMILY
CHEMBL3886	Q9NYL2	Mixed lineage kinase 7	SINGLE PROTEIN
CHEMBL3890	P16581	Selectin E	SINGLE PROTEIN
CHEMBL3898	P13497	Bone morphogenetic protein 1	SINGLE PROTEIN
CHEMBL3902	P09211	Glutathione S-transferase Pi	SINGLE PROTEIN
CHEMBL3905	P07948	Tyrosine-protein kinase Lyn	SINGLE PROTEIN
CHEMBL3912	Q8N1Q1	Carbonic anhydrase XIII	SINGLE PROTEIN
CHEMBL3919	P19156	Potassium-transporting ATPase alpha chain 1	SINGLE PROTEIN
CHEMBL3920	Q04759	Protein kinase C theta	SINGLE PROTEIN
CHEMBL3922	P50579	Methionine aminopeptidase 2	SINGLE PROTEIN
CHEMBL3927	P0C6U8	SARS coronavirus 3C-like proteinase	SINGLE PROTEIN
CHEMBL3954	P77173	Cell division protein zipA	SINGLE PROTEIN
CHEMBL3961	Q15759	MAP kinase p38 beta	SINGLE PROTEIN
CHEMBL3972	P22102	GAR transformylase	SINGLE PROTEIN
CHEMBL3973	P22455	Fibroblast growth factor receptor 4	SINGLE PROTEIN
CHEMBL3974	P25116	Proteinase-activated receptor 1	SINGLE PROTEIN
CHEMBL3975	P09467	Fructose-1,6-bisphosphatase	SINGLE PROTEIN
CHEMBL3977	P51160	Phosphodiesterase 6C	SINGLE PROTEIN
CHEMBL3979	Q03181	Peroxisome proliferator-activated receptor delta	SINGLE PROTEIN
CHEMBL3983	P33981	Dual specificity protein kinase TTK	SINGLE PROTEIN
CHEMBL3984	Q99640	Tyrosine- and threonine-specific cdc2-inhibitory kinase	SINGLE PROTEIN
CHEMBL3988588	P0A9M5	Xanthine phosphoribosyltransferase	SINGLE PROTEIN
CHEMBL3988603	P26662	Genome polyprotein	SINGLE PROTEIN
CHEMBL3991	P08709	Coagulation factor VII	SINGLE PROTEIN
CHEMBL4005	P42336	PI3-kinase p110-alpha subunit	SINGLE PROTEIN
CHEMBL4014	P42684	Tyrosine-protein kinase ABL2	SINGLE PROTEIN
CHEMBL4015	P41597	C-C chemokine receptor type 2	SINGLE PROTEIN
CHEMBL402	P04035	HMG-CoA reductase	SINGLE PROTEIN
CHEMBL4036	Q00535	Cyclin-dependent kinase 5	SINGLE PROTEIN
CHEMBL4037	P18886	Carnitine palmitoyltransferase 2	SINGLE PROTEIN
CHEMBL4040	P28482	MAP kinase ERK2	SINGLE PROTEIN
CHEMBL4065	P09955	Carboxypeptidase B	SINGLE PROTEIN
CHEMBL4068	P23946	Chymase	SINGLE PROTEIN
CHEMBL4070	P19784	Casein kinase II alpha (prime)	SINGLE PROTEIN
CHEMBL4071	P08311	Cathepsin G	SINGLE PROTEIN
CHEMBL4072	P07858	Cathepsin B	SINGLE PROTEIN
CHEMBL4073	P09237	Matrix metalloproteinase 7	SINGLE PROTEIN
CHEMBL4079	P25098	G-protein coupled receptor kinase 2	SINGLE PROTEIN
CHEMBL4081	P13726	Coagulation factor III	SINGLE PROTEIN
CHEMBL4083	P0A6L2	Dihydrodipicolinate synthase	SINGLE PROTEIN
CHEMBL4091	P45568	1-deoxyxylulose-5-phosphate reductoisomerase	SINGLE PROTEIN
CHEMBL4093	P55055	LXR-beta	SINGLE PROTEIN
CHEMBL4096	P04637	Cellular tumor antigen p53	SINGLE PROTEIN
CHEMBL4098	O70370	Cathepsin S	SINGLE PROTEIN
CHEMBL4101	P17612	cAMP-dependent protein kinase alpha-catalytic subunit	SINGLE PROTEIN
CHEMBL4105728	Q8N884	Cyclic GMP-AMP synthase	SINGLE PROTEIN
CHEMBL4105763	Q9NPD8	Ubiquitin-conjugating enzyme E2 T	SINGLE PROTEIN
CHEMBL4105786	P41182	B-cell lymphoma 6 protein	SINGLE PROTEIN
CHEMBL4105798	Q0P9D1	UDP-N-acetylbacillosamine N-acetyltransferase	SINGLE PROTEIN
CHEMBL4105809	Q92905	COP9 signalosome complex subunit 5	SINGLE PROTEIN
CHEMBL4105829	Q05320	Envelope glycoprotein	SINGLE PROTEIN
CHEMBL4105838	Q96GG9	DCN1-like protein 1	SINGLE PROTEIN
CHEMBL4105839	P62575	Sialidase A	SINGLE PROTEIN
CHEMBL4105939	I6X8D2	Polyketide synthase Pks13	SINGLE PROTEIN
CHEMBL4105972	O75643	U5 small nuclear ribonucleoprotein 200 kDa helicase	SINGLE PROTEIN
CHEMBL4106150	P05106,P06756,P18084	Integrin alpha-V/beta-3/alpha-V/beta-5	PROTEIN COMPLEX
CHEMBL4106153	P24941,P30274	CDK2/Bovine cyclin A	PROTEIN COMPLEX
CHEMBL4106169	O75909,Q9NYV4	CDK12/Cyclin K	PROTEIN COMPLEX
CHEMBL4117	O96935	Zinc aminopeptidase	SINGLE PROTEIN
CHEMBL4128	Q02763	Tyrosine-protein kinase TIE-2	SINGLE PROTEIN
CHEMBL4140	P34914	Epoxide hydratase	SINGLE PROTEIN
CHEMBL4142	P21802	Fibroblast growth factor receptor 2	SINGLE PROTEIN
CHEMBL4179	P45984	c-Jun N-terminal kinase 2	SINGLE PROTEIN
CHEMBL4181	P17707	S-adenosylmethionine decarboxylase 1	SINGLE PROTEIN
CHEMBL4191	Q99685	Monoglyceride lipase	SINGLE PROTEIN
CHEMBL4198	P98170	Inhibitor of apoptosis protein 3	SINGLE PROTEIN
CHEMBL4204	Q9HBH9	MAP kinase signal-integrating kinase 2	SINGLE PROTEIN
CHEMBL4222	Q8II92	dUTP pyrophosphatase	SINGLE PROTEIN
CHEMBL4224	P49759	Dual specificty protein kinase CLK1	SINGLE PROTEIN
CHEMBL4225	P49760	Dual specificity protein kinase CLK2	SINGLE PROTEIN
CHEMBL4226	P49761	Dual specificity protein kinase CLK3	SINGLE PROTEIN
CHEMBL4245	P62508	Estrogen-related receptor gamma	SINGLE PROTEIN
CHEMBL4247	Q9UM73	ALK tyrosine kinase receptor	SINGLE PROTEIN
CHEMBL4253	P06026	Rhizopuspepsin	SINGLE PROTEIN
CHEMBL4254	P00798	Penicillopepsin	SINGLE PROTEIN
CHEMBL4267	P37173	TGF-beta receptor type II	SINGLE PROTEIN
CHEMBL4282	P31749	Serine/threonine-protein kinase AKT	SINGLE PROTEIN
CHEMBL4295575	P22262	Listeriolysin regulatory protein	SINGLE PROTEIN
CHEMBL4295577	P25043	Proteasome subunit beta type-2	SINGLE PROTEIN
CHEMBL4295578	P38624	Proteasome subunit beta type-1	SINGLE PROTEIN
CHEMBL4295585	P9WI83	Serine/threonine-protein kinase PknA	SINGLE PROTEIN
CHEMBL4295594	Q26710	Alternative oxidase, mitochondrial	SINGLE PROTEIN
CHEMBL4295631	A2RI47	Thiamine transporter ThiT	SINGLE PROTEIN
CHEMBL4295695	P04190	Metallo-beta-lactamase type 2	SINGLE PROTEIN
CHEMBL4295801	Q03111	Protein ENL	SINGLE PROTEIN
CHEMBL4295831	Q15843	NEDD8	SINGLE PROTEIN
CHEMBL4295910	Q91VE3	Kallikrein-7	SINGLE PROTEIN
CHEMBL4295984	Q9VWX8	FI18190p1	SINGLE PROTEIN
CHEMBL4296	Q15858	Sodium channel protein type IX alpha subunit	SINGLE PROTEIN
CHEMBL4296067	Q14004,O75909	Cyclin-dependent kinase 13/Cyclin-K	PROTEIN COMPLEX
CHEMBL4296117	Q16665,P40337,Q15370,Q15369	von Hippel-Lindau disease tumor suppressor/Elongin-C/Elongin-B/HIF1A	PROTEIN COMPLEX
CHEMBL4296287	A5K1A2	Glycylpeptide N-tetradecanoyltransferase	SINGLE PROTEIN
CHEMBL4296290	Q2HRB6	Capsid scaffolding protein	SINGLE PROTEIN
CHEMBL4296293	Q8AAK6	Beta-mannosidase	SINGLE PROTEIN
CHEMBL4296295	O59010	Glutamate transporter homolog	SINGLE PROTEIN
CHEMBL4303	P08238	Heat shock protein HSP 90-beta	SINGLE PROTEIN
CHEMBL4315	P47900	Purinergic receptor P2Y1	SINGLE PROTEIN
CHEMBL4319	Q8DNV6	UDP-N-acetylmuramoylalanine-D-glutamyl-lysine-D-alanyl-D-alanine ligase	SINGLE PROTEIN
CHEMBL4321	Q05769	Cyclooxygenase-2	SINGLE PROTEIN
CHEMBL4328	Q93088	Betaine--homocysteine S-methyltransferase 1	SINGLE PROTEIN
CHEMBL4333	P21453	Sphingosine 1-phosphate receptor Edg-1	SINGLE PROTEIN
CHEMBL4338	P00491	Purine nucleoside phosphorylase	SINGLE PROTEIN
CHEMBL4341	P45352	Thymidylate synthase	SINGLE PROTEIN
CHEMBL4342	O15496	Group X secretory phospholipase A2	SINGLE PROTEIN
CHEMBL4355	O14976	Serine/threonine-protein kinase GAK	SINGLE PROTEIN
CHEMBL4361	Q07820	Induced myeloid leukemia cell differentiation protein Mcl-1	SINGLE PROTEIN
CHEMBL4372	P15917	Anthrax lethal factor	SINGLE PROTEIN
CHEMBL4375	Q96SB4	Serine/threonine-protein kinase SRPK1	SINGLE PROTEIN
CHEMBL4393	P39900	Matrix metalloproteinase 12	SINGLE PROTEIN
CHEMBL4394	Q9NYA1	Sphingosine kinase 1	SINGLE PROTEIN
CHEMBL4409	Q9Y233	Phosphodiesterase 10A	SINGLE PROTEIN
CHEMBL4414	P46925	Plasmepsin 2	SINGLE PROTEIN
CHEMBL4418	O15826	dUTP pyrophosphatase	SINGLE PROTEIN
CHEMBL4422	O14842	Free fatty acid receptor 1	SINGLE PROTEIN
CHEMBL4425	Q01064	Phosphodiesterase 1B	SINGLE PROTEIN
CHEMBL4438	P36873	Serine/threonine protein phosphatase PP1-gamma catalytic subunit	SINGLE PROTEIN
CHEMBL4439	P36897	TGF-beta receptor type I	SINGLE PROTEIN
CHEMBL4451	P07267	Saccharopepesin	SINGLE PROTEIN
CHEMBL4461	Q9NTG7	NAD-dependent deacetylase sirtuin 3	SINGLE PROTEIN
CHEMBL4462	Q8IXJ6	NAD-dependent deacetylase sirtuin 2	SINGLE PROTEIN
CHEMBL4471	P00735	Thrombin	SINGLE PROTEIN
CHEMBL4482	O96013	Serine/threonine-protein kinase PAK 4	SINGLE PROTEIN
CHEMBL4508	Q16769	Glutaminyl-peptide cyclotransferase	SINGLE PROTEIN
CHEMBL4514	P28523	Casein kinase II alpha	SINGLE PROTEIN
CHEMBL4523	Q9P1W9	Serine/threonine-protein kinase PIM2	SINGLE PROTEIN
CHEMBL4527	Q9UKE5	TRAF2- and NCK-interacting kinase	SINGLE PROTEIN
CHEMBL4531	P17931	Galectin-3	SINGLE PROTEIN
CHEMBL4533	P54645	AMP-activated protein kinase, alpha-1 subunit	SINGLE PROTEIN
CHEMBL4540	P96830	Phosphotyrosine-protein phosphatase PTPB	SINGLE PROTEIN
CHEMBL4550	P20292	5-lipoxygenase activating protein	SINGLE PROTEIN
CHEMBL4575	O43781	Dual-specificity tyrosine-phosphorylation regulated kinase 3	SINGLE PROTEIN
CHEMBL4578	Q14680	Maternal embryonic leucine zipper kinase	SINGLE PROTEIN
CHEMBL4581	P52732	Kinesin-like protein 1	SINGLE PROTEIN
CHEMBL4588	P22894	Matrix metalloproteinase 8	SINGLE PROTEIN
CHEMBL4599	Q07912	Tyrosine kinase non-receptor protein 2	SINGLE PROTEIN
CHEMBL4600	Q13153	Serine/threonine-protein kinase PAK 1	SINGLE PROTEIN
CHEMBL4601	Q13882	Tyrosine-protein kinase BRK	SINGLE PROTEIN
CHEMBL4607	P50052	Angiotensin II type 2 (AT-2) receptor	SINGLE PROTEIN
CHEMBL4617	P11086	Phenylethanolamine N-methyltransferase	SINGLE PROTEIN
CHEMBL4618	P09960	Leukotriene A4 hydrolase	SINGLE PROTEIN
CHEMBL4620	P26664	Hepatitis C virus polyprotein	SINGLE PROTEIN
CHEMBL4625	Q07817	Apoptosis regulator Bcl-X	SINGLE PROTEIN
CHEMBL4630	O14757	Serine/threonine-protein kinase Chk1	SINGLE PROTEIN
CHEMBL4638	Q873X9	Chitinase	SINGLE PROTEIN
CHEMBL4640	O60658	Phosphodiesterase 8A	SINGLE PROTEIN
CHEMBL4647	Q9HBH1	Peptide deformylase mitochondrial	SINGLE PROTEIN
CHEMBL4653	P14740	Dipeptidyl peptidase IV	SINGLE PROTEIN
CHEMBL4659	P30656	Proteasome Macropain subunit PRE2	SINGLE PROTEIN
CHEMBL4660	P28907	Lymphocyte differentiation antigen CD38	SINGLE PROTEIN
CHEMBL4670	Q16644	MAP kinase-activated protein kinase 3	SINGLE PROTEIN
CHEMBL4680	Q48255	3-dehydroquinate dehydratase	SINGLE PROTEIN
CHEMBL4687	P39898	Plasmepsin 1	SINGLE PROTEIN
CHEMBL4693	P04191	Sarcoplasmic/endoplasmic reticulum calcium ATP-ase	SINGLE PROTEIN
CHEMBL4695	P00883	Fructose-bisphosphate aldolase A	SINGLE PROTEIN
CHEMBL4696	P00489	Glycogen phosphorylase, muscle form	SINGLE PROTEIN
CHEMBL4703	P67775	Serine/threonine protein phosphatase 2A, catalytic subunit, alpha isoform	SINGLE PROTEIN
CHEMBL4722	O14965	Serine/threonine-protein kinase Aurora-A	SINGLE PROTEIN
CHEMBL4732	P14900	UDP-N-acetylmuramoylalanine--D-glutamate ligase	SINGLE PROTEIN
CHEMBL4739	P11444	Mandelate racemase	SINGLE PROTEIN
CHEMBL4748	P41148	Heat shock protein 90 beta	SINGLE PROTEIN
CHEMBL4756	P02879	Ricin	SINGLE PROTEIN
CHEMBL4760	Q9XZT6	Deoxynucleoside kinase	SINGLE PROTEIN
CHEMBL4779	P00784	Papain	SINGLE PROTEIN
CHEMBL4780	P04058	Acetylcholinesterase	SINGLE PROTEIN
CHEMBL4792	O43614	Orexin receptor 2	SINGLE PROTEIN
CHEMBL4801	P29466	Caspase-1	SINGLE PROTEIN
CHEMBL4802	P29473	Nitric-oxide synthase, endothelial	SINGLE PROTEIN
CHEMBL4822	P56817	Beta-secretase 1	SINGLE PROTEIN
CHEMBL4829	O00763	Acetyl-CoA carboxylase 2	SINGLE PROTEIN
CHEMBL4835	P00338	L-lactate dehydrogenase A chain	SINGLE PROTEIN
CHEMBL4837	P08191	Adhesin protein fimH	SINGLE PROTEIN
CHEMBL4840	P25910	Beta-lactamase type II	SINGLE PROTEIN
CHEMBL4848	P06730	Eukaryotic translation initation factor	SINGLE PROTEIN
CHEMBL4855	P0A9J4	Ketopantoate reductase	SINGLE PROTEIN
CHEMBL4858	P03962	Orotidine phosphate decarboxylase	SINGLE PROTEIN
CHEMBL4860	P10415	Apoptosis regulator Bcl-2	SINGLE PROTEIN
CHEMBL4884	P42575	Caspase-2	SINGLE PROTEIN
CHEMBL4898	Q16620	Neurotrophic tyrosine kinase receptor type 2	SINGLE PROTEIN
CHEMBL4899	P41279	Mitogen-activated protein kinase kinase kinase 8	SINGLE PROTEIN
CHEMBL4904	P23724	Proteasome component C5	SINGLE PROTEIN
CHEMBL4905	P23470	Receptor-type tyrosine-protein phosphatase gamma	SINGLE PROTEIN
CHEMBL4912	P0AB71	Fructose-bisphosphate aldolase class 2	SINGLE PROTEIN
CHEMBL4913	P0A953	3-oxoacyl-[acyl-carrier-protein] synthase 1	SINGLE PROTEIN
CHEMBL4915	P09382	Galectin-1	SINGLE PROTEIN
CHEMBL4937	P49674	Casein kinase I epsilon	SINGLE PROTEIN
CHEMBL4941	Q13126	S-methyl-5-thioadenosine phosphorylase	SINGLE PROTEIN
CHEMBL4954	P29320	Ephrin type-A receptor 3	SINGLE PROTEIN
CHEMBL5008	P47929	Galectin-7	SINGLE PROTEIN
CHEMBL5014	O43353	Serine/threonine-protein kinase RIPK2	SINGLE PROTEIN
CHEMBL5023	Q00987	p53-binding protein Mdm-2	SINGLE PROTEIN
CHEMBL5027	P39748	Flap endonuclease 1	SINGLE PROTEIN
CHEMBL5033	P0A6D3	5-enolpyruvylshikimate-3-phosphate synthase	SINGLE PROTEIN
CHEMBL5043	Q6P179	Endoplasmic reticulum aminopeptidase 2	SINGLE PROTEIN
CHEMBL5064	P14207	Folate receptor beta	SINGLE PROTEIN
CHEMBL5070	Q820T1	Beta-ketoacyl-ACP synthase III	SINGLE PROTEIN
CHEMBL5082	Q9Y6E0	Serine/threonine-protein kinase 24	SINGLE PROTEIN
CHEMBL5083	Q9Y6F1	Poly [ADP-ribose] polymerase 3	SINGLE PROTEIN
CHEMBL5095	P0C1S8	Wee1-like protein kinase 2	SINGLE PROTEIN
CHEMBL5113	O43613	Orexin receptor 1	SINGLE PROTEIN
CHEMBL5118	P0C6X7	Replicase polyprotein 1ab	SINGLE PROTEIN
CHEMBL5120	P10153	Non-secretory ribonuclease	SINGLE PROTEIN
CHEMBL5137	Q14416	Metabotropic glutamate receptor 2	SINGLE PROTEIN
CHEMBL5145	P15056	Serine/threonine-protein kinase B-raf	SINGLE PROTEIN
CHEMBL5147	P54760	Ephrin type-B receptor 4	SINGLE PROTEIN
CHEMBL5171	O34667	S-ribosylhomocysteine lyase	SINGLE PROTEIN
CHEMBL5173	Q8T6J6	Orotidine phosphate decarboxylase	SINGLE PROTEIN
CHEMBL5174	O14786	Neuropilin-1	SINGLE PROTEIN
CHEMBL5185	Q9ZLT0	Glutamate racemase	SINGLE PROTEIN
CHEMBL5192	P0DPI0	Botulinum neurotoxin type A	SINGLE PROTEIN
CHEMBL5203	P33316	dUTP pyrophosphatase	SINGLE PROTEIN
CHEMBL5206	P00720	Lysozyme	SINGLE PROTEIN
CHEMBL5216	P11172	Uridine 5'-monophosphate synthase	SINGLE PROTEIN
CHEMBL5251	Q06187	Tyrosine-protein kinase BTK	SINGLE PROTEIN
CHEMBL5260	Q59H18	Serine/threonine-protein kinase TNNI3K	SINGLE PROTEIN
CHEMBL5270	Q81R22	Dihydrofolate reductase	SINGLE PROTEIN
CHEMBL5276	P15474	3-dehydroquinate dehydratase	SINGLE PROTEIN
CHEMBL5284	Q96RR4	CaM-kinase kinase beta	SINGLE PROTEIN
CHEMBL5285	Q99683	Mitogen-activated protein kinase kinase kinase 5	SINGLE PROTEIN
CHEMBL5298	Q836J0	Glutamate racemase	SINGLE PROTEIN
CHEMBL5319	Q08345	Epithelial discoidin domain-containing receptor 1	SINGLE PROTEIN
CHEMBL5328	P00469	Thymidylate synthase	SINGLE PROTEIN
CHEMBL5331	Q12866	Proto-oncogene tyrosine-protein kinase MER	SINGLE PROTEIN
CHEMBL5332	Q13164	Mitogen-activated protein kinase 7	SINGLE PROTEIN
CHEMBL5348	P11797	Chitinase B	SINGLE PROTEIN
CHEMBL5366	Q9UGN5	Poly [ADP-ribose] polymerase 2	SINGLE PROTEIN
CHEMBL5396	P40136	Calmodulin-sensitive adenylate cyclase	SINGLE PROTEIN
CHEMBL5406	Q86X55	Histone-arginine methyltransferase CARM1	SINGLE PROTEIN
CHEMBL5408	Q9UHD2	Serine/threonine-protein kinase TBK1	SINGLE PROTEIN
CHEMBL5419	P06935	Genome polyprotein	SINGLE PROTEIN
CHEMBL5421	P07148	Fatty acid-binding protein, liver	SINGLE PROTEIN
CHEMBL5440	A9JQL9	Dehydrosqualene synthase	SINGLE PROTEIN
CHEMBL5455	P07332	Tyrosine-protein kinase FES	SINGLE PROTEIN
CHEMBL5460	P0DMV8	Heat shock 70 kDa protein 1	SINGLE PROTEIN
CHEMBL5462	Q13490	Baculoviral IAP repeat-containing protein 2	SINGLE PROTEIN
CHEMBL5464	Q13546	Receptor-interacting serine/threonine-protein kinase 1	SINGLE PROTEIN
CHEMBL5469	Q14289	Protein tyrosine kinase 2 beta	SINGLE PROTEIN
CHEMBL5475	O00214	Galectin-8	SINGLE PROTEIN
CHEMBL5491	P30291	Serine/threonine-protein kinase WEE1	SINGLE PROTEIN
CHEMBL5500	Q92831	Histone acetyltransferase PCAF	SINGLE PROTEIN
CHEMBL5523	Q8WTS6	Histone-lysine N-methyltransferase SETD7	SINGLE PROTEIN
CHEMBL5536	Q9WMX2	Genome polyprotein	SINGLE PROTEIN
CHEMBL5567	P08659	Luciferin 4-monooxygenase	SINGLE PROTEIN
CHEMBL5568	P08922	Proto-oncogene tyrosine-protein kinase ROS	SINGLE PROTEIN
CHEMBL5575	Q15046	Lysyl-tRNA synthetase	SINGLE PROTEIN
CHEMBL5608	Q16288	NT-3 growth factor receptor	SINGLE PROTEIN
CHEMBL5610	Q16651	Prostasin	SINGLE PROTEIN
CHEMBL5630	P9WNS1	1-deoxy-D-xylulose 5-phosphate reductoisomerase	SINGLE PROTEIN
CHEMBL5633	P00808	Beta-lactamase	SINGLE PROTEIN
CHEMBL5658	O14684	Prostaglandin E synthase	SINGLE PROTEIN
CHEMBL5683	O15075	Serine/threonine-protein kinase DCLK1	SINGLE PROTEIN
CHEMBL5688	O26232	Orotidine 5'-phosphate decarboxylase	SINGLE PROTEIN
CHEMBL5689	P17752	Tryptophan 5-hydroxylase 1	SINGLE PROTEIN
CHEMBL5697	Q9GZT9	Egl nine homolog 1	SINGLE PROTEIN
CHEMBL5719	P49336	Cell division protein kinase 8	SINGLE PROTEIN
CHEMBL5738	P02692	Fatty acid-binding protein, liver	SINGLE PROTEIN
CHEMBL5747	Q92793	CREB-binding protein	SINGLE PROTEIN
CHEMBL5765	P9WIJ3	Peptide deformylase	SINGLE PROTEIN
CHEMBL5768	P97287	Induced myeloid leukemia cell differentiation protein Mcl-1 homolog	SINGLE PROTEIN
CHEMBL5776	O43318	Mitogen-activated protein kinase kinase kinase 7	SINGLE PROTEIN
CHEMBL5798	Q9K2N0	Beta-lactamase VIM-2	SINGLE PROTEIN
CHEMBL5854	Q96PN6	Adenylate cyclase type 10	SINGLE PROTEIN
CHEMBL5877	P07686	Beta-hexosaminidase subunit beta	SINGLE PROTEIN
CHEMBL5878	P49773	Histidine triad nucleotide-binding protein 1	SINGLE PROTEIN
CHEMBL5879	O60760	Hematopoietic prostaglandin D synthase	SINGLE PROTEIN
CHEMBL5880	P60568	Interleukin-2	SINGLE PROTEIN
CHEMBL5888	Q99558	Mitogen-activated protein kinase kinase kinase 14	SINGLE PROTEIN
CHEMBL5891	O60678	Protein arginine N-methyltransferase 3	SINGLE PROTEIN
CHEMBL5896	O75164	Lysine-specific demethylase 4A	SINGLE PROTEIN
CHEMBL5903	Q04771	Activin receptor type-1	SINGLE PROTEIN
CHEMBL5909	Q9NWT6	Hypoxia-inducible factor 1-alpha inhibitor	SINGLE PROTEIN
CHEMBL5921	O60502	Bifunctional protein NCOAT	SINGLE PROTEIN
CHEMBL5932	P53671	LIM domain kinase 2	SINGLE PROTEIN
CHEMBL5938	Q9NYY3	Serine/threonine-protein kinase PLK2	SINGLE PROTEIN
CHEMBL5955	O15294	UDP-N-acetylglucosamine--peptide N-acetylglucosaminyltransferase 110 kDa subunit	SINGLE PROTEIN
CHEMBL5963	P55085	Proteinase-activated receptor 2	SINGLE PROTEIN
CHEMBL5990	P38398	Breast cancer type 1 susceptibility protein	SINGLE PROTEIN
CHEMBL6006	O75385	Serine/threonine-protein kinase ULK1	SINGLE PROTEIN
CHEMBL6017	Q70I53	Histone deacetylase-like amidohydrolase	SINGLE PROTEIN
CHEMBL6030	Q9NZJ5	Eukaryotic translation initiation factor 2-alpha kinase 3	SINGLE PROTEIN
CHEMBL6031	Q9H9B1	Histone-lysine N-methyltransferase, H3 lysine-9 specific 5	SINGLE PROTEIN
CHEMBL6032	Q96KQ7	Histone-lysine N-methyltransferase, H3 lysine-9 specific 3	SINGLE PROTEIN
CHEMBL6036	O94760	N(G),N(G)-dimethylarginine dimethylaminohydrolase 1	SINGLE PROTEIN
CHEMBL6040	P26663	Genome polyprotein	SINGLE PROTEIN
CHEMBL6069	P9WIL5	Pantothenate synthetase	SINGLE PROTEIN
CHEMBL6084	P58154	Acetylcholine-binding protein	SINGLE PROTEIN
CHEMBL6088	P60953	Cell division control protein 42 homolog	SINGLE PROTEIN
CHEMBL6091	P61823	Ribonuclease pancreatic	SINGLE PROTEIN
CHEMBL6094	P63000	Ras-related C3 botulinum toxin substrate 1	SINGLE PROTEIN
CHEMBL6096	P0DM80	Virulence sensor histidine kinase phoQ	SINGLE PROTEIN
CHEMBL6111	Q9UM07	Protein-arginine deiminase type-4	SINGLE PROTEIN
CHEMBL6115	P10619	Lysosomal protective protein	SINGLE PROTEIN
CHEMBL6117	P43378	Tyrosine-protein phosphatase non-receptor type 9	SINGLE PROTEIN
CHEMBL6136	O60341	Lysine-specific histone demethylase 1	SINGLE PROTEIN
CHEMBL6140	Q9QYJ6	cAMP and cAMP-inhibited cGMP 3',5'-cyclic phosphodiesterase 10A	SINGLE PROTEIN
CHEMBL6145	Q8T6T2	Inosine-5'-monophosphate dehydrogenase, probable	SINGLE PROTEIN
CHEMBL6154	Q9H2K2	Tankyrase-2	SINGLE PROTEIN
CHEMBL6164	O95271	Tankyrase-1	SINGLE PROTEIN
CHEMBL6166	O95819	Mitogen-activated protein kinase kinase kinase kinase 4	SINGLE PROTEIN
CHEMBL6175	Q9H3R0	Lysine-specific demethylase 4C	SINGLE PROTEIN
